[{"model": "positionfinder.root", "pk": 1, "fields": {"name": "C", "pitch": 0}}, {"model": "positionfinder.root", "pk": 2, "fields": {"name": "Db", "pitch": 1}}, {"model": "positionfinder.root", "pk": 3, "fields": {"name": "C#", "pitch": 1}}, {"model": "positionfinder.root", "pk": 4, "fields": {"name": "D", "pitch": 2}}, {"model": "positionfinder.root", "pk": 5, "fields": {"name": "Eb", "pitch": 3}}, {"model": "positionfinder.root", "pk": 6, "fields": {"name": "D#", "pitch": 3}}, {"model": "positionfinder.root", "pk": 7, "fields": {"name": "E", "pitch": 4}}, {"model": "positionfinder.root", "pk": 8, "fields": {"name": "F", "pitch": 5}}, {"model": "positionfinder.root", "pk": 9, "fields": {"name": "Gb", "pitch": 6}}, {"model": "positionfinder.root", "pk": 10, "fields": {"name": "F#", "pitch": 6}}, {"model": "positionfinder.root", "pk": 11, "fields": {"name": "G", "pitch": 7}}, {"model": "positionfinder.root", "pk": 12, "fields": {"name": "Ab", "pitch": 8}}, {"model": "positionfinder.root", "pk": 13, "fields": {"name": "G#", "pitch": 8}}, {"model": "positionfinder.root", "pk": 14, "fields": {"name": "A", "pitch": 9}}, {"model": "positionfinder.root", "pk": 15, "fields": {"name": "Bb", "pitch": 10}}, {"model": "positionfinder.root", "pk": 16, "fields": {"name": "A#", "pitch": 10}}, {"model": "positionfinder.root", "pk": 17, "fields": {"name": "B", "pitch": 11}}, {"model": "positionfinder.notescategory", "pk": 1, "fields": {"category_name": "Scales"}}, {"model": "positionfinder.notescategory", "pk": 2, "fields": {"category_name": "Arpeggios"}}, {"model": "positionfinder.notescategory", "pk": 3, "fields": {"category_name": "Chords"}}, {"model": "positionfinder.notes", "pk": 1, "fields": {"category": 1, "note_name": "Major", "ordering": 1, "chords": "Major 7", "tonal_root": 0, "first_note": 0, "second_note": 2, "third_note": 4, "fourth_note": 5, "fifth_note": 7, "sixth_note": 9, "seventh_note": 11, "eigth_note": null, "ninth_note": null, "tenth_note": null, "eleventh_note": null, "twelth_note": null}}, {"model": "positionfinder.notes", "pk": 2, "fields": {"category": 2, "note_name": "Major 7", "ordering": 20, "chords": "", "tonal_root": 0, "first_note": 0, "second_note": 4, "third_note": 7, "fourth_note": 11, "fifth_note": null, "sixth_note": null, "seventh_note": null, "eigth_note": null, "ninth_note": null, "tenth_note": null, "eleventh_note": null, "twelth_note": null}}, {"model": "positionfinder.notes", "pk": 3, "fields": {"category": 2, "note_name": "Major Triad", "ordering": 1, "chords": "", "tonal_root": 0, "first_note": 0, "second_note": 4, "third_note": 7, "fourth_note": null, "fifth_note": null, "sixth_note": null, "seventh_note": null, "eigth_note": null, "ninth_note": null, "tenth_note": null, "eleventh_note": null, "twelth_note": null}}, {"model": "positionfinder.notes", "pk": 4, "fields": {"category": 1, "note_name": "Pentatonic", "ordering": 0, "chords": "", "tonal_root": 0, "first_note": 0, "second_note": 2, "third_note": 4, "fourth_note": 7, "fifth_note": 9, "sixth_note": null, "seventh_note": null, "eigth_note": null, "ninth_note": null, "tenth_note": null, "eleventh_note": null, "twelth_note": null}}, {"model": "positionfinder.notes", "pk": 5, "fields": {"category": 1, "note_name": "Dorian", "ordering": 2, "chords": "Minor 7", "tonal_root": -2, "first_note": 0, "second_note": 2, "third_note": 3, "fourth_note": 5, "fifth_note": 7, "sixth_note": 9, "seventh_note": 10, "eigth_note": null, "ninth_note": null, "tenth_note": null, "eleventh_note": null, "twelth_note": null}}, {"model": "positionfinder.notes", "pk": 6, "fields": {"category": 1, "note_name": "Phrygian", "ordering": 3, "chords": "Minor 7", "tonal_root": -4, "first_note": 0, "second_note": 1, "third_note": 3, "fourth_note": 5, "fifth_note": 7, "sixth_note": 8, "seventh_note": 10, "eigth_note": null, "ninth_note": null, "tenth_note": null, "eleventh_note": null, "twelth_note": null}}, {"model": "positionfinder.notes", "pk": 7, "fields": {"category": 1, "note_name": "Lydian", "ordering": 4, "chords": "Major 7", "tonal_root": -5, "first_note": 0, "second_note": 2, "third_note": 4, "fourth_note": 6, "fifth_note": 7, "sixth_note": 9, "seventh_note": 11, "eigth_note": null, "ninth_note": null, "tenth_note": null, "eleventh_note": null, "twelth_note": null}}, {"model": "positionfinder.notes", "pk": 8, "fields": {"category": 1, "note_name": "Mixolydian", "ordering": 5, "chords": "Dominant 7", "tonal_root": -7, "first_note": 0, "second_note": 2, "third_note": 4, "fourth_note": 5, "fifth_note": 7, "sixth_note": 9, "seventh_note": 10, "eigth_note": null, "ninth_note": null, "tenth_note": null, "eleventh_note": null, "twelth_note": null}}, {"model": "positionfinder.notes", "pk": 9, "fields": {"category": 1, "note_name": "Locrian", "ordering": 7, "chords": "Minor7b5", "tonal_root": -11, "first_note": 0, "second_note": 1, "third_note": 3, "fourth_note": 5, "fifth_note": 6, "sixth_note": 8, "seventh_note": 10, "eigth_note": null, "ninth_note": null, "tenth_note": null, "eleventh_note": null, "twelth_note": null}}, {"model": "positionfinder.notes", "pk": 10, "fields": {"category": 1, "note_name": "Blues Scale", "ordering": 0, "chords": "Dominant 7", "tonal_root": 0, "first_note": 0, "second_note": 3, "third_note": 5, "fourth_note": 6, "fifth_note": 7, "sixth_note": 10, "seventh_note": null, "eigth_note": null, "ninth_note": null, "tenth_note": null, "eleventh_note": null, "twelth_note": null}}, {"model": "positionfinder.notes", "pk": 12, "fields": {"category": 2, "note_name": "Major add 9", "ordering": 5, "chords": "", "tonal_root": 0, "first_note": 0, "second_note": 2, "third_note": 4, "fourth_note": 7, "fifth_note": null, "sixth_note": null, "seventh_note": null, "eigth_note": null, "ninth_note": null, "tenth_note": null, "eleventh_note": null, "twelth_note": null}}, {"model": "positionfinder.notes", "pk": 13, "fields": {"category": 2, "note_name": "Minor 7", "ordering": 21, "chords": "", "tonal_root": 0, "first_note": 0, "second_note": 3, "third_note": 7, "fourth_note": 10, "fifth_note": null, "sixth_note": null, "seventh_note": null, "eigth_note": null, "ninth_note": null, "tenth_note": null, "eleventh_note": null, "twelth_note": null}}, {"model": "positionfinder.notes", "pk": 14, "fields": {"category": 2, "note_name": "Dominant 7", "ordering": 23, "chords": "", "tonal_root": 0, "first_note": 0, "second_note": 4, "third_note": 7, "fourth_note": 10, "fifth_note": null, "sixth_note": null, "seventh_note": null, "eigth_note": null, "ninth_note": null, "tenth_note": null, "eleventh_note": null, "twelth_note": null}}, {"model": "positionfinder.notes", "pk": 15, "fields": {"category": 2, "note_name": "Minor 7b5", "ordering": 24, "chords": "", "tonal_root": 0, "first_note": 0, "second_note": 3, "third_note": 6, "fourth_note": 10, "fifth_note": null, "sixth_note": null, "seventh_note": null, "eigth_note": null, "ninth_note": null, "tenth_note": null, "eleventh_note": null, "twelth_note": null}}, {"model": "positionfinder.notes", "pk": 16, "fields": {"category": 2, "note_name": "Minor Triad", "ordering": 2, "chords": "", "tonal_root": 0, "first_note": 0, "second_note": 3, "third_note": 7, "fourth_note": null, "fifth_note": null, "sixth_note": null, "seventh_note": null, "eigth_note": null, "ninth_note": null, "tenth_note": null, "eleventh_note": null, "twelth_note": null}}, {"model": "positionfinder.notes", "pk": 17, "fields": {"category": 2, "note_name": "Diminished Triad", "ordering": 3, "chords": "", "tonal_root": 0, "first_note": 0, "second_note": 3, "third_note": 6, "fourth_note": null, "fifth_note": null, "sixth_note": null, "seventh_note": null, "eigth_note": null, "ninth_note": null, "tenth_note": null, "eleventh_note": null, "twelth_note": null}}, {"model": "positionfinder.notes", "pk": 18, "fields": {"category": 2, "note_name": "Augmented Triad", "ordering": 4, "chords": "", "tonal_root": 0, "first_note": 0, "second_note": 4, "third_note": 8, "fourth_note": null, "fifth_note": null, "sixth_note": null, "seventh_note": null, "eigth_note": null, "ninth_note": null, "tenth_note": null, "eleventh_note": null, "twelth_note": null}}, {"model": "positionfinder.notes", "pk": 19, "fields": {"category": 2, "note_name": "Diminished 7", "ordering": 25, "chords": "", "tonal_root": 0, "first_note": 0, "second_note": 3, "third_note": 6, "fourth_note": 9, "fifth_note": null, "sixth_note": null, "seventh_note": null, "eigth_note": null, "ninth_note": null, "tenth_note": null, "eleventh_note": null, "twelth_note": null}}, {"model": "positionfinder.notes", "pk": 20, "fields": {"category": 1, "note_name": "Whole Tone", "ordering": 31, "chords": "7 #5", "tonal_root": 0, "first_note": 0, "second_note": 2, "third_note": 4, "fourth_note": 6, "fifth_note": 8, "sixth_note": 10, "seventh_note": null, "eigth_note": null, "ninth_note": null, "tenth_note": null, "eleventh_note": null, "twelth_note": null}}, {"model": "positionfinder.notes", "pk": 21, "fields": {"category": 1, "note_name": "Diminished", "ordering": 29, "chords": "Diminished 7", "tonal_root": 0, "first_note": 0, "second_note": 2, "third_note": 3, "fourth_note": 5, "fifth_note": 6, "sixth_note": 8, "seventh_note": 9, "eigth_note": 11, "ninth_note": null, "tenth_note": null, "eleventh_note": null, "twelth_note": null}}, {"model": "positionfinder.notes", "pk": 22, "fields": {"category": 1, "note_name": "Dominant Diminished", "ordering": 30, "chords": "Dominant 7", "tonal_root": 0, "first_note": 0, "second_note": 1, "third_note": 3, "fourth_note": 4, "fifth_note": 6, "sixth_note": 7, "seventh_note": 9, "eigth_note": 10, "ninth_note": null, "tenth_note": null, "eleventh_note": null, "twelth_note": null}}, {"model": "positionfinder.notes", "pk": 24, "fields": {"category": 1, "note_name": "Lydian Dominant", "ordering": 12, "chords": "", "tonal_root": -7, "first_note": 0, "second_note": 2, "third_note": 4, "fourth_note": 6, "fifth_note": 7, "sixth_note": 9, "seventh_note": 10, "eigth_note": null, "ninth_note": null, "tenth_note": null, "eleventh_note": null, "twelth_note": null}}, {"model": "positionfinder.notes", "pk": 25, "fields": {"category": 1, "note_name": "Aeloian", "ordering": 6, "chords": "Minor 7", "tonal_root": -9, "first_note": 0, "second_note": 2, "third_note": 3, "fourth_note": 5, "fifth_note": 7, "sixth_note": 8, "seventh_note": 10, "eigth_note": null, "ninth_note": null, "tenth_note": null, "eleventh_note": null, "twelth_note": null}}, {"model": "positionfinder.notes", "pk": 27, "fields": {"category": 1, "note_name": "Harmonic Major", "ordering": 22, "chords": "Major 7", "tonal_root": 0, "first_note": 0, "second_note": 2, "third_note": 4, "fourth_note": 5, "fifth_note": 7, "sixth_note": 8, "seventh_note": 11, "eigth_note": null, "ninth_note": null, "tenth_note": null, "eleventh_note": null, "twelth_note": null}}, {"model": "positionfinder.notes", "pk": 28, "fields": {"category": 1, "note_name": "Altered", "ordering": 8, "chords": "Altered 7", "tonal_root": 0, "first_note": 0, "second_note": 1, "third_note": 3, "fourth_note": 4, "fifth_note": 6, "sixth_note": 8, "seventh_note": 10, "eigth_note": null, "ninth_note": null, "tenth_note": null, "eleventh_note": null, "twelth_note": null}}, {"model": "positionfinder.notes", "pk": 29, "fields": {"category": 1, "note_name": "Melodic Minor", "ordering": 9, "chords": "MinMaj7", "tonal_root": 0, "first_note": 0, "second_note": 2, "third_note": 3, "fourth_note": 5, "fifth_note": 7, "sixth_note": 9, "seventh_note": 11, "eigth_note": null, "ninth_note": null, "tenth_note": null, "eleventh_note": null, "twelth_note": null}}, {"model": "positionfinder.notes", "pk": 30, "fields": {"category": 1, "note_name": "Dorian b2", "ordering": 10, "chords": "Minor 7", "tonal_root": 0, "first_note": 0, "second_note": 1, "third_note": 3, "fourth_note": 5, "fifth_note": 7, "sixth_note": 9, "seventh_note": 10, "eigth_note": null, "ninth_note": null, "tenth_note": null, "eleventh_note": null, "twelth_note": null}}, {"model": "positionfinder.notes", "pk": 31, "fields": {"category": 1, "note_name": "Lydian Augmented", "ordering": 11, "chords": "Dominant 7", "tonal_root": 0, "first_note": 0, "second_note": 2, "third_note": 4, "fourth_note": 6, "fifth_note": 8, "sixth_note": 9, "seventh_note": 11, "eigth_note": null, "ninth_note": null, "tenth_note": null, "eleventh_note": null, "twelth_note": null}}, {"model": "positionfinder.notes", "pk": 32, "fields": {"category": 1, "note_name": "Aeolian dominant", "ordering": 13, "chords": "Dominant 7", "tonal_root": -9, "first_note": 0, "second_note": 2, "third_note": 4, "fourth_note": 5, "fifth_note": 7, "sixth_note": 8, "seventh_note": 10, "eigth_note": null, "ninth_note": null, "tenth_note": null, "eleventh_note": null, "twelth_note": null}}, {"model": "positionfinder.notes", "pk": 33, "fields": {"category": 1, "note_name": "Half Diminished", "ordering": 14, "chords": "Minor7b5", "tonal_root": -11, "first_note": 0, "second_note": 2, "third_note": 3, "fourth_note": 5, "fifth_note": 6, "sixth_note": 8, "seventh_note": 10, "eigth_note": null, "ninth_note": null, "tenth_note": null, "eleventh_note": null, "twelth_note": null}}, {"model": "positionfinder.notes", "pk": 34, "fields": {"category": 1, "note_name": "Major Augmented", "ordering": 15, "chords": "Major7(#5)", "tonal_root": 0, "first_note": 0, "second_note": 2, "third_note": 4, "fourth_note": 5, "fifth_note": 8, "sixth_note": 9, "seventh_note": 11, "eigth_note": null, "ninth_note": null, "tenth_note": null, "eleventh_note": null, "twelth_note": null}}, {"model": "positionfinder.notes", "pk": 35, "fields": {"category": 1, "note_name": "Dorian #4", "ordering": 16, "chords": "Minor 7", "tonal_root": -2, "first_note": 0, "second_note": 2, "third_note": 3, "fourth_note": 6, "fifth_note": 7, "sixth_note": 9, "seventh_note": 10, "eigth_note": null, "ninth_note": null, "tenth_note": null, "eleventh_note": null, "twelth_note": null}}, {"model": "positionfinder.notes", "pk": 36, "fields": {"category": 1, "note_name": "Phrygian Dominant", "ordering": 17, "chords": "Dominant 7", "tonal_root": -4, "first_note": 0, "second_note": 1, "third_note": 4, "fourth_note": 5, "fifth_note": 7, "sixth_note": 8, "seventh_note": 10, "eigth_note": null, "ninth_note": null, "tenth_note": null, "eleventh_note": null, "twelth_note": null}}, {"model": "positionfinder.notes", "pk": 37, "fields": {"category": 1, "note_name": "Lydian #2", "ordering": 18, "chords": "Major 7", "tonal_root": -5, "first_note": 0, "second_note": 3, "third_note": 4, "fourth_note": 6, "fifth_note": 7, "sixth_note": 9, "seventh_note": 11, "eigth_note": null, "ninth_note": null, "tenth_note": null, "eleventh_note": null, "twelth_note": null}}, {"model": "positionfinder.notes", "pk": 38, "fields": {"category": 1, "note_name": "Altered dominant bb7", "ordering": 19, "chords": "Diminished 7", "tonal_root": -7, "first_note": 0, "second_note": 1, "third_note": 3, "fourth_note": 4, "fifth_note": 6, "sixth_note": 8, "seventh_note": 9, "eigth_note": null, "ninth_note": null, "tenth_note": null, "eleventh_note": null, "twelth_note": null}}, {"model": "positionfinder.notes", "pk": 39, "fields": {"category": 1, "note_name": "Harmonic Minor", "ordering": 20, "chords": "MinMaj7", "tonal_root": -9, "first_note": 0, "second_note": 2, "third_note": 3, "fourth_note": 5, "fifth_note": 7, "sixth_note": 8, "seventh_note": 11, "eigth_note": null, "ninth_note": null, "tenth_note": null, "eleventh_note": null, "twelth_note": null}}, {"model": "positionfinder.notes", "pk": 40, "fields": {"category": 1, "note_name": "Locrian #6", "ordering": 21, "chords": "Minor7b5", "tonal_root": -11, "first_note": 0, "second_note": 1, "third_note": 3, "fourth_note": 5, "fifth_note": 6, "sixth_note": 9, "seventh_note": 10, "eigth_note": null, "ninth_note": null, "tenth_note": null, "eleventh_note": null, "twelth_note": null}}, {"model": "positionfinder.notes", "pk": 41, "fields": {"category": 1, "note_name": "Dorian b5", "ordering": 23, "chords": "Minor7b5", "tonal_root": -2, "first_note": 0, "second_note": 2, "third_note": 3, "fourth_note": 5, "fifth_note": 6, "sixth_note": 9, "seventh_note": 10, "eigth_note": null, "ninth_note": null, "tenth_note": null, "eleventh_note": null, "twelth_note": null}}, {"model": "positionfinder.notes", "pk": 42, "fields": {"category": 1, "note_name": "Phrygian b4", "ordering": 24, "chords": "Minor 7", "tonal_root": 0, "first_note": 0, "second_note": 1, "third_note": 3, "fourth_note": 4, "fifth_note": 7, "sixth_note": 8, "seventh_note": 10, "eigth_note": null, "ninth_note": null, "tenth_note": null, "eleventh_note": null, "twelth_note": null}}, {"model": "positionfinder.notes", "pk": 43, "fields": {"category": 1, "note_name": "Lydian b3", "ordering": 25, "chords": "MinMaj7", "tonal_root": -5, "first_note": 0, "second_note": 2, "third_note": 3, "fourth_note": 6, "fifth_note": 7, "sixth_note": 9, "seventh_note": 11, "eigth_note": null, "ninth_note": null, "tenth_note": null, "eleventh_note": null, "twelth_note": null}}, {"model": "positionfinder.notes", "pk": 44, "fields": {"category": 1, "note_name": "Mixolydian b2", "ordering": 26, "chords": "Dominant 7", "tonal_root": -7, "first_note": 0, "second_note": 1, "third_note": 4, "fourth_note": 5, "fifth_note": 7, "sixth_note": 9, "seventh_note": 10, "eigth_note": null, "ninth_note": null, "tenth_note": null, "eleventh_note": null, "twelth_note": null}}, {"model": "positionfinder.notes", "pk": 45, "fields": {"category": 1, "note_name": "Lydian Augmented #2", "ordering": 27, "chords": "Major7(#5)", "tonal_root": -9, "first_note": 0, "second_note": 3, "third_note": 4, "fourth_note": 6, "fifth_note": 8, "sixth_note": 9, "seventh_note": 11, "eigth_note": null, "ninth_note": null, "tenth_note": null, "eleventh_note": null, "twelth_note": null}}, {"model": "positionfinder.notes", "pk": 46, "fields": {"category": 1, "note_name": "Locrian bb7", "ordering": 28, "chords": "Diminished 7", "tonal_root": -11, "first_note": 0, "second_note": 1, "third_note": 3, "fourth_note": 5, "fifth_note": 6, "sixth_note": 8, "seventh_note": 9, "eigth_note": null, "ninth_note": null, "tenth_note": null, "eleventh_note": null, "twelth_note": null}}, {"model": "positionfinder.notes", "pk": 47, "fields": {"category": 1, "note_name": "Augmented", "ordering": 33, "chords": "6 #5", "tonal_root": 0, "first_note": 0, "second_note": 3, "third_note": 4, "fourth_note": 7, "fifth_note": 8, "sixth_note": 11, "seventh_note": null, "eigth_note": null, "ninth_note": null, "tenth_note": null, "eleventh_note": null, "twelth_note": null}}, {"model": "positionfinder.notes", "pk": 48, "fields": {"category": 1, "note_name": "Inverted Augmented", "ordering": 34, "chords": "", "tonal_root": 0, "first_note": 0, "second_note": 1, "third_note": 4, "fourth_note": 5, "fifth_note": 8, "sixth_note": 9, "seventh_note": null, "eigth_note": null, "ninth_note": null, "tenth_note": null, "eleventh_note": null, "twelth_note": null}}, {"model": "positionfinder.notes", "pk": 49, "fields": {"category": 1, "note_name": "Minor Penatonic", "ordering": 0, "chords": null, "tonal_root": 0, "first_note": 0, "second_note": 3, "third_note": 5, "fourth_note": 7, "fifth_note": 10, "sixth_note": null, "seventh_note": null, "eigth_note": null, "ninth_note": null, "tenth_note": null, "eleventh_note": null, "twelth_note": null}}, {"model": "positionfinder.notesposition", "pk": 1, "fields": {"notes_name": 1, "position_order": 1, "position": "2,3,4,5,6"}}, {"model": "positionfinder.notesposition", "pk": 2, "fields": {"notes_name": 2, "position_order": 1, "position": "2,3,4,5"}}, {"model": "positionfinder.notesposition", "pk": 3, "fields": {"notes_name": 2, "position_order": 2, "position": "5,6,7,8"}}, {"model": "positionfinder.notesposition", "pk": 4, "fields": {"notes_name": 2, "position_order": 3, "position": "7,8,9,10"}}, {"model": "positionfinder.notesposition", "pk": 6, "fields": {"notes_name": 4, "position_order": 1, "position": "2,3,4,5"}}, {"model": "positionfinder.notesposition", "pk": 7, "fields": {"notes_name": 4, "position_order": 2, "position": "5,6,7,8"}}, {"model": "positionfinder.notesposition", "pk": 8, "fields": {"notes_name": 4, "position_order": 3, "position": "7,8,9,10"}}, {"model": "positionfinder.notesposition", "pk": 9, "fields": {"notes_name": 4, "position_order": 4, "position": "9,10,11,12,13"}}, {"model": "positionfinder.notesposition", "pk": 10, "fields": {"notes_name": 4, "position_order": 5, "position": "12,13,14,15"}}, {"model": "positionfinder.notesposition", "pk": 11, "fields": {"notes_name": 1, "position_order": 2, "position": "3,4,5,6,7"}}, {"model": "positionfinder.notesposition", "pk": 12, "fields": {"notes_name": 1, "position_order": 3, "position": "4,5,6,7,8"}}, {"model": "positionfinder.notesposition", "pk": 13, "fields": {"notes_name": 1, "position_order": 4, "position": "7,8,9,10"}}, {"model": "positionfinder.notesposition", "pk": 14, "fields": {"notes_name": 1, "position_order": 5, "position": "8,9,10,11,12"}}, {"model": "positionfinder.notesposition", "pk": 15, "fields": {"notes_name": 1, "position_order": 6, "position": "12,13,14,15"}}, {"model": "positionfinder.notesposition", "pk": 16, "fields": {"notes_name": 2, "position_order": 4, "position": "8,9,10,11,12"}}, {"model": "positionfinder.notesposition", "pk": 17, "fields": {"notes_name": 2, "position_order": 5, "position": "12,13,14,15"}}, {"model": "positionfinder.notesposition", "pk": 18, "fields": {"notes_name": 10, "position_order": 1, "position": "3,4,5,6"}}, {"model": "positionfinder.notesposition", "pk": 19, "fields": {"notes_name": 10, "position_order": 2, "position": "5,6,7,8,9"}}, {"model": "positionfinder.notesposition", "pk": 20, "fields": {"notes_name": 10, "position_order": 3, "position": "8,9,10,11"}}, {"model": "positionfinder.notesposition", "pk": 21, "fields": {"notes_name": 10, "position_order": 4, "position": "10,11,12,13"}}, {"model": "positionfinder.notesposition", "pk": 22, "fields": {"notes_name": 10, "position_order": 5, "position": "12,13,14,15,16"}}, {"model": "positionfinder.notesposition", "pk": 23, "fields": {"notes_name": 8, "position_order": 1, "position": "1,2,3,4,5"}}, {"model": "positionfinder.notesposition", "pk": 30, "fields": {"notes_name": 12, "position_order": 1, "position": "2,3,4,5"}}, {"model": "positionfinder.notesposition", "pk": 31, "fields": {"notes_name": 12, "position_order": 2, "position": "5,6,7,8"}}, {"model": "positionfinder.notesposition", "pk": 32, "fields": {"notes_name": 12, "position_order": 3, "position": "7,8,9,10"}}, {"model": "positionfinder.notesposition", "pk": 33, "fields": {"notes_name": 12, "position_order": 4, "position": "9,10,11,12,13"}}, {"model": "positionfinder.notesposition", "pk": 34, "fields": {"notes_name": 12, "position_order": 5, "position": "12,13,14,15"}}, {"model": "positionfinder.notesposition", "pk": 35, "fields": {"notes_name": 12, "position_order": 5, "position": "12,13,14,15"}}, {"model": "positionfinder.notesposition", "pk": 36, "fields": {"notes_name": 5, "position_order": 1, "position": "1,2,3,4,5"}}, {"model": "positionfinder.notesposition", "pk": 37, "fields": {"notes_name": 5, "position_order": 2, "position": "3,4,5,6"}}, {"model": "positionfinder.notesposition", "pk": 38, "fields": {"notes_name": 5, "position_order": 3, "position": "5,6,7,8"}}, {"model": "positionfinder.notesposition", "pk": 39, "fields": {"notes_name": 5, "position_order": 4, "position": "6,7,8,9,10"}}, {"model": "positionfinder.notesposition", "pk": 40, "fields": {"notes_name": 5, "position_order": 5, "position": "8,9,10,11,12"}}, {"model": "positionfinder.notesposition", "pk": 41, "fields": {"notes_name": 5, "position_order": 6, "position": "11,12,13,14,15"}}, {"model": "positionfinder.notesposition", "pk": 42, "fields": {"notes_name": 6, "position_order": 1, "position": "1,2,3,4,5"}}, {"model": "positionfinder.notesposition", "pk": 43, "fields": {"notes_name": 6, "position_order": 2, "position": "3,4,5,6"}}, {"model": "positionfinder.notesposition", "pk": 44, "fields": {"notes_name": 6, "position_order": 3, "position": "4,5,6,7,8"}}, {"model": "positionfinder.notesposition", "pk": 45, "fields": {"notes_name": 6, "position_order": 4, "position": "6,7,8,9,10"}}, {"model": "positionfinder.notesposition", "pk": 46, "fields": {"notes_name": 6, "position_order": 5, "position": "8,9,10,11,12"}}, {"model": "positionfinder.notesposition", "pk": 47, "fields": {"notes_name": 6, "position_order": 6, "position": "11,12,13,14,15"}}, {"model": "positionfinder.notesposition", "pk": 48, "fields": {"notes_name": 7, "position_order": 1, "position": "2,3,4,5"}}, {"model": "positionfinder.notesposition", "pk": 49, "fields": {"notes_name": 7, "position_order": 2, "position": "3,4,5,6,7"}}, {"model": "positionfinder.notesposition", "pk": 50, "fields": {"notes_name": 7, "position_order": 3, "position": "5,6,7,8,9"}}, {"model": "positionfinder.notesposition", "pk": 51, "fields": {"notes_name": 7, "position_order": 4, "position": "7,8,9,10"}}, {"model": "positionfinder.notesposition", "pk": 52, "fields": {"notes_name": 7, "position_order": 6, "position": "12,13,14,15,16"}}, {"model": "positionfinder.notesposition", "pk": 53, "fields": {"notes_name": 7, "position_order": 5, "position": "8,9,10,11,12"}}, {"model": "positionfinder.notesposition", "pk": 55, "fields": {"notes_name": 8, "position_order": 2, "position": "3,4,5,6,7"}}, {"model": "positionfinder.notesposition", "pk": 56, "fields": {"notes_name": 8, "position_order": 3, "position": "5,6,7,8"}}, {"model": "positionfinder.notesposition", "pk": 57, "fields": {"notes_name": 8, "position_order": 5, "position": "8,9,10,11,12"}}, {"model": "positionfinder.notesposition", "pk": 58, "fields": {"notes_name": 8, "position_order": 6, "position": "10,11,12,13,14"}}, {"model": "positionfinder.notesposition", "pk": 59, "fields": {"notes_name": 9, "position_order": 1, "position": "1,2,3,4,5"}}, {"model": "positionfinder.notesposition", "pk": 60, "fields": {"notes_name": 9, "position_order": 2, "position": "2,3,4,5,6"}}, {"model": "positionfinder.notesposition", "pk": 61, "fields": {"notes_name": 9, "position_order": 3, "position": "4,5,6,7,8"}}, {"model": "positionfinder.notesposition", "pk": 62, "fields": {"notes_name": 9, "position_order": 4, "position": "6,7,8,9,10"}}, {"model": "positionfinder.notesposition", "pk": 63, "fields": {"notes_name": 9, "position_order": 5, "position": "8,9,10,11"}}, {"model": "positionfinder.notesposition", "pk": 64, "fields": {"notes_name": 9, "position_order": 6, "position": "9,10,11,12,13"}}, {"model": "positionfinder.notesposition", "pk": 65, "fields": {"notes_name": 3, "position_order": 1, "position": "2,3,4,5"}}, {"model": "positionfinder.notesposition", "pk": 66, "fields": {"notes_name": 3, "position_order": 2, "position": "5,6,7,8"}}, {"model": "positionfinder.notesposition", "pk": 67, "fields": {"notes_name": 3, "position_order": 3, "position": "7,8,9,10"}}, {"model": "positionfinder.notesposition", "pk": 68, "fields": {"notes_name": 3, "position_order": 4, "position": "10,11,12,13,14"}}, {"model": "positionfinder.notesposition", "pk": 69, "fields": {"notes_name": 3, "position_order": 5, "position": "12,13,14,15"}}, {"model": "positionfinder.notesposition", "pk": 76, "fields": {"notes_name": 22, "position_order": 1, "position": "2,3,4,5,6"}}, {"model": "positionfinder.notesposition", "pk": 77, "fields": {"notes_name": 22, "position_order": 2, "position": "4,5,6,7,8"}}, {"model": "positionfinder.notesposition", "pk": 78, "fields": {"notes_name": 13, "position_order": 1, "position": "3,4,5,6"}}, {"model": "positionfinder.notesposition", "pk": 79, "fields": {"notes_name": 13, "position_order": 2, "position": "5,6,7,8"}}, {"model": "positionfinder.notesposition", "pk": 80, "fields": {"notes_name": 13, "position_order": 3, "position": "8,9,10,11"}}, {"model": "positionfinder.notesposition", "pk": 81, "fields": {"notes_name": 13, "position_order": 4, "position": "10,11,12,13"}}, {"model": "positionfinder.notesposition", "pk": 82, "fields": {"notes_name": 13, "position_order": 5, "position": "12,13,14,15,16"}}, {"model": "positionfinder.notesposition", "pk": 83, "fields": {"notes_name": 19, "position_order": 1, "position": "1,2,3,4,5"}}, {"model": "positionfinder.notesposition", "pk": 84, "fields": {"notes_name": 19, "position_order": 2, "position": "3,4,5,6,7"}}, {"model": "positionfinder.notesposition", "pk": 85, "fields": {"notes_name": 19, "position_order": 3, "position": "5,6,7,8,9"}}, {"model": "positionfinder.notesposition", "pk": 86, "fields": {"notes_name": 19, "position_order": 4, "position": "8,9,10,11,12"}}, {"model": "positionfinder.notesposition", "pk": 87, "fields": {"notes_name": 19, "position_order": 5, "position": "11,12,13,14,15"}}, {"model": "positionfinder.notesposition", "pk": 88, "fields": {"notes_name": 18, "position_order": 1, "position": "1,2,3,4,5"}}, {"model": "positionfinder.notesposition", "pk": 89, "fields": {"notes_name": 18, "position_order": 2, "position": "3,4,5,6,7"}}, {"model": "positionfinder.notesposition", "pk": 90, "fields": {"notes_name": 18, "position_order": 3, "position": "4,5,6,7,8"}}, {"model": "positionfinder.notesposition", "pk": 91, "fields": {"notes_name": 18, "position_order": 4, "position": "7,8,9,10,11"}}, {"model": "positionfinder.notesposition", "pk": 92, "fields": {"notes_name": 18, "position_order": 5, "position": "8,9,10,11,12"}}, {"model": "positionfinder.notesposition", "pk": 93, "fields": {"notes_name": 20, "position_order": 1, "position": "1,2,3,4,5"}}, {"model": "positionfinder.notesposition", "pk": 94, "fields": {"notes_name": 20, "position_order": 2, "position": "3,4,5,6,7"}}, {"model": "positionfinder.notesposition", "pk": 95, "fields": {"notes_name": 20, "position_order": 3, "position": "4,5,6,7,8"}}, {"model": "positionfinder.notesposition", "pk": 96, "fields": {"notes_name": 20, "position_order": 4, "position": "7,8,9,10,11"}}, {"model": "positionfinder.notesposition", "pk": 97, "fields": {"notes_name": 20, "position_order": 6, "position": "11,12,13,14,15"}}, {"model": "positionfinder.notesposition", "pk": 98, "fields": {"notes_name": 20, "position_order": 5, "position": "9,10,11,12,13"}}, {"model": "positionfinder.notesposition", "pk": 99, "fields": {"notes_name": 21, "position_order": 1, "position": "1,2,3,4,5"}}, {"model": "positionfinder.notesposition", "pk": 100, "fields": {"notes_name": 22, "position_order": 3, "position": "5,6,7,8,9"}}, {"model": "positionfinder.notesposition", "pk": 101, "fields": {"notes_name": 22, "position_order": 4, "position": "7,8,9,10,11"}}, {"model": "positionfinder.notesposition", "pk": 102, "fields": {"notes_name": 22, "position_order": 5, "position": "9,10,11,12,13"}}, {"model": "positionfinder.notesposition", "pk": 103, "fields": {"notes_name": 22, "position_order": 6, "position": "11,12,13,14,15"}}, {"model": "positionfinder.notesposition", "pk": 104, "fields": {"notes_name": 21, "position_order": 2, "position": "3,4,5,6,7"}}, {"model": "positionfinder.notesposition", "pk": 105, "fields": {"notes_name": 21, "position_order": 3, "position": "4,5,6,7,8"}}, {"model": "positionfinder.notesposition", "pk": 106, "fields": {"notes_name": 21, "position_order": 4, "position": "6,7,8,9,10"}}, {"model": "positionfinder.notesposition", "pk": 107, "fields": {"notes_name": 21, "position_order": 5, "position": "8,9,10,11,12"}}, {"model": "positionfinder.notesposition", "pk": 108, "fields": {"notes_name": 21, "position_order": 6, "position": "10,11,12,13,14"}}, {"model": "positionfinder.notesposition", "pk": 109, "fields": {"notes_name": 17, "position_order": 1, "position": "1,2,3,4"}}, {"model": "positionfinder.notesposition", "pk": 110, "fields": {"notes_name": 17, "position_order": 3, "position": "4,5,6,7,8"}}, {"model": "positionfinder.notesposition", "pk": 111, "fields": {"notes_name": 17, "position_order": 2, "position": "2,3,4,5"}}, {"model": "positionfinder.notesposition", "pk": 112, "fields": {"notes_name": 17, "position_order": 4, "position": "7,8,9,10,11"}}, {"model": "positionfinder.notesposition", "pk": 113, "fields": {"notes_name": 17, "position_order": 5, "position": "10,11,12,13,14"}}, {"model": "positionfinder.notesposition", "pk": 114, "fields": {"notes_name": 15, "position_order": 1, "position": "2,3,4,5,6"}}, {"model": "positionfinder.notesposition", "pk": 115, "fields": {"notes_name": 15, "position_order": 2, "position": "5,6,7,8,9"}}, {"model": "positionfinder.notesposition", "pk": 116, "fields": {"notes_name": 15, "position_order": 3, "position": "8,9,10,11"}}, {"model": "positionfinder.notesposition", "pk": 117, "fields": {"notes_name": 15, "position_order": 4, "position": "10,11,12,13,14,15"}}, {"model": "positionfinder.notesposition", "pk": 118, "fields": {"notes_name": 15, "position_order": 5, "position": "13,14,15,16"}}, {"model": "positionfinder.notesposition", "pk": 119, "fields": {"notes_name": 16, "position_order": 1, "position": "3,4,5,6"}}, {"model": "positionfinder.notesposition", "pk": 120, "fields": {"notes_name": 16, "position_order": 2, "position": "4,5,6,7,8"}}, {"model": "positionfinder.notesposition", "pk": 121, "fields": {"notes_name": 16, "position_order": 3, "position": "8,9,10,11,12"}}, {"model": "positionfinder.notesposition", "pk": 122, "fields": {"notes_name": 16, "position_order": 4, "position": "9,10,11,12,13"}}, {"model": "positionfinder.notesposition", "pk": 123, "fields": {"notes_name": 16, "position_order": 5, "position": "12,13,14,15,16"}}, {"model": "positionfinder.notesposition", "pk": 124, "fields": {"notes_name": 24, "position_order": 1, "position": "1,2,3,4,5"}}, {"model": "positionfinder.notesposition", "pk": 125, "fields": {"notes_name": 24, "position_order": 2, "position": "3,4,5,6,7"}}, {"model": "positionfinder.notesposition", "pk": 126, "fields": {"notes_name": 24, "position_order": 4, "position": "6,7,8,9,10"}}, {"model": "positionfinder.notesposition", "pk": 127, "fields": {"notes_name": 24, "position_order": 5, "position": "8,9,10,11,12"}}, {"model": "positionfinder.notesposition", "pk": 128, "fields": {"notes_name": 24, "position_order": 6, "position": "11,12,13,14,15"}}, {"model": "positionfinder.notesposition", "pk": 129, "fields": {"notes_name": 24, "position_order": 3, "position": "5,6,7,8,9"}}, {"model": "positionfinder.notesposition", "pk": 130, "fields": {"notes_name": 25, "position_order": 1, "position": "1,2,3,4,5"}}, {"model": "positionfinder.notesposition", "pk": 131, "fields": {"notes_name": 25, "position_order": 2, "position": "3,4,5,6"}}, {"model": "positionfinder.notesposition", "pk": 132, "fields": {"notes_name": 25, "position_order": 3, "position": "5,6,7,8,9"}}, {"model": "positionfinder.notesposition", "pk": 133, "fields": {"notes_name": 25, "position_order": 4, "position": "6,7,8,9,10"}}, {"model": "positionfinder.notesposition", "pk": 134, "fields": {"notes_name": 25, "position_order": 5, "position": "8,9,10,11,12"}}, {"model": "positionfinder.notesposition", "pk": 135, "fields": {"notes_name": 25, "position_order": 6, "position": "11,12,13,14,15"}}, {"model": "positionfinder.notesposition", "pk": 136, "fields": {"notes_name": 27, "position_order": 1, "position": "1,2,3,4,5"}}, {"model": "positionfinder.notesposition", "pk": 137, "fields": {"notes_name": 27, "position_order": 2, "position": "3,5,6,7"}}, {"model": "positionfinder.notesposition", "pk": 138, "fields": {"notes_name": 27, "position_order": 3, "position": "4,5,6,7,8"}}, {"model": "positionfinder.notesposition", "pk": 139, "fields": {"notes_name": 27, "position_order": 4, "position": "6,7,8,9,10"}}, {"model": "positionfinder.notesposition", "pk": 140, "fields": {"notes_name": 27, "position_order": 5, "position": "8,9,10,11,12"}}, {"model": "positionfinder.notesposition", "pk": 141, "fields": {"notes_name": 27, "position_order": 6, "position": "11,12,13,14,15"}}, {"model": "positionfinder.notesposition", "pk": 142, "fields": {"notes_name": 28, "position_order": 1, "position": "2,3,4,5,6"}}, {"model": "positionfinder.notesposition", "pk": 143, "fields": {"notes_name": 28, "position_order": 2, "position": "4,5,6,7,8"}}, {"model": "positionfinder.notesposition", "pk": 144, "fields": {"notes_name": 28, "position_order": 3, "position": "6,7,8,9,10"}}, {"model": "positionfinder.notesposition", "pk": 145, "fields": {"notes_name": 28, "position_order": 4, "position": "7,8,9,10,11"}}, {"model": "positionfinder.notesposition", "pk": 146, "fields": {"notes_name": 28, "position_order": 6, "position": "12,13,14,15,16"}}, {"model": "positionfinder.notesposition", "pk": 147, "fields": {"notes_name": 28, "position_order": 5, "position": "11,12,13,14,15"}}, {"model": "positionfinder.notesposition", "pk": 148, "fields": {"notes_name": 29, "position_order": 1, "position": "1,2,3,4,5"}}, {"model": "positionfinder.notesposition", "pk": 149, "fields": {"notes_name": 29, "position_order": 2, "position": "3,4,5,6,7"}}, {"model": "positionfinder.notesposition", "pk": 150, "fields": {"notes_name": 29, "position_order": 3, "position": "5,6,7,8,9"}}, {"model": "positionfinder.notesposition", "pk": 151, "fields": {"notes_name": 29, "position_order": 4, "position": "6,7,8,9,10"}}, {"model": "positionfinder.notesposition", "pk": 152, "fields": {"notes_name": 29, "position_order": 5, "position": "8,9,10,11,12"}}, {"model": "positionfinder.notesposition", "pk": 153, "fields": {"notes_name": 29, "position_order": 6, "position": "11,12,13,14,15"}}, {"model": "positionfinder.notesposition", "pk": 154, "fields": {"notes_name": 30, "position_order": 1, "position": "1,2,3,4,5"}}, {"model": "positionfinder.notesposition", "pk": 155, "fields": {"notes_name": 30, "position_order": 2, "position": "3,4,5,6,7"}}, {"model": "positionfinder.notesposition", "pk": 156, "fields": {"notes_name": 30, "position_order": 3, "position": "4,5,6,7,8"}}, {"model": "positionfinder.notesposition", "pk": 157, "fields": {"notes_name": 30, "position_order": 4, "position": "6,7,8,9,10"}}, {"model": "positionfinder.notesposition", "pk": 158, "fields": {"notes_name": 30, "position_order": 5, "position": "8,9,10,11,12"}}, {"model": "positionfinder.notesposition", "pk": 159, "fields": {"notes_name": 30, "position_order": 6, "position": "11,12,13,14,15"}}, {"model": "positionfinder.notesposition", "pk": 160, "fields": {"notes_name": 31, "position_order": 1, "position": "1,2,3,4,5"}}, {"model": "positionfinder.notesposition", "pk": 161, "fields": {"notes_name": 31, "position_order": 2, "position": "3,4,5,6,7"}}, {"model": "positionfinder.notesposition", "pk": 162, "fields": {"notes_name": 31, "position_order": 3, "position": "5,6,7,8,9"}}, {"model": "positionfinder.notesposition", "pk": 163, "fields": {"notes_name": 31, "position_order": 4, "position": "7,8,9,10,11"}}, {"model": "positionfinder.notesposition", "pk": 164, "fields": {"notes_name": 31, "position_order": 5, "position": "8,9,10,11,12"}}, {"model": "positionfinder.notesposition", "pk": 165, "fields": {"notes_name": 31, "position_order": 6, "position": "11,12,13,14,15"}}, {"model": "positionfinder.notesposition", "pk": 166, "fields": {"notes_name": 32, "position_order": 1, "position": "1,2,3,4,5"}}, {"model": "positionfinder.notesposition", "pk": 167, "fields": {"notes_name": 32, "position_order": 2, "position": "3,4,5,6,7"}}, {"model": "positionfinder.notesposition", "pk": 168, "fields": {"notes_name": 32, "position_order": 3, "position": "4,5,6,7,8"}}, {"model": "positionfinder.notesposition", "pk": 169, "fields": {"notes_name": 32, "position_order": 4, "position": "6,7,8,9,10"}}, {"model": "positionfinder.notesposition", "pk": 170, "fields": {"notes_name": 32, "position_order": 5, "position": "8,9,10,11,12"}}, {"model": "positionfinder.notesposition", "pk": 171, "fields": {"notes_name": 32, "position_order": 6, "position": "11,12,13,14,15"}}, {"model": "positionfinder.notesposition", "pk": 172, "fields": {"notes_name": 33, "position_order": 1, "position": "1,2,3,4,5"}}, {"model": "positionfinder.notesposition", "pk": 173, "fields": {"notes_name": 33, "position_order": 2, "position": "2,3,4,5,6,7"}}, {"model": "positionfinder.notesposition", "pk": 174, "fields": {"notes_name": 33, "position_order": 3, "position": "4,5,6,7,8"}}, {"model": "positionfinder.notesposition", "pk": 175, "fields": {"notes_name": 33, "position_order": 4, "position": "6,7,8,9,10"}}, {"model": "positionfinder.notesposition", "pk": 176, "fields": {"notes_name": 34, "position_order": 1, "position": "1,2,3,4,5"}}, {"model": "positionfinder.notesposition", "pk": 177, "fields": {"notes_name": 34, "position_order": 2, "position": "3,4,5,6,7"}}, {"model": "positionfinder.notesposition", "pk": 178, "fields": {"notes_name": 34, "position_order": 3, "position": "4,5,6,7,8"}}, {"model": "positionfinder.notesposition", "pk": 179, "fields": {"notes_name": 33, "position_order": 5, "position": "8,9,10,11,12"}}, {"model": "positionfinder.notesposition", "pk": 180, "fields": {"notes_name": 33, "position_order": 6, "position": "11,12,13,14,15"}}, {"model": "positionfinder.notesposition", "pk": 181, "fields": {"notes_name": 34, "position_order": 4, "position": "6,7,8,9,10"}}, {"model": "positionfinder.notesposition", "pk": 182, "fields": {"notes_name": 34, "position_order": 5, "position": "8,9,10,11,12"}}, {"model": "positionfinder.notesposition", "pk": 183, "fields": {"notes_name": 34, "position_order": 6, "position": "12,13,14,15,16"}}, {"model": "positionfinder.notesposition", "pk": 184, "fields": {"notes_name": 35, "position_order": 1, "position": "1,2,3,4,5"}}, {"model": "positionfinder.notesposition", "pk": 185, "fields": {"notes_name": 35, "position_order": 2, "position": "3,4,5,6,7"}}, {"model": "positionfinder.notesposition", "pk": 186, "fields": {"notes_name": 35, "position_order": 3, "position": "4,5,6,7,8"}}, {"model": "positionfinder.notesposition", "pk": 187, "fields": {"notes_name": 35, "position_order": 4, "position": "6,7,8,9,10"}}, {"model": "positionfinder.notesposition", "pk": 188, "fields": {"notes_name": 35, "position_order": 5, "position": "8,9,10,11,12"}}, {"model": "positionfinder.notesposition", "pk": 189, "fields": {"notes_name": 35, "position_order": 6, "position": "11,12,13,14,15"}}, {"model": "positionfinder.notesposition", "pk": 190, "fields": {"notes_name": 36, "position_order": 1, "position": "1,2,3,4,5"}}, {"model": "positionfinder.notesposition", "pk": 191, "fields": {"notes_name": 36, "position_order": 2, "position": "3,4,5,6,7"}}, {"model": "positionfinder.notesposition", "pk": 192, "fields": {"notes_name": 36, "position_order": 3, "position": "4,5,6,7,8"}}, {"model": "positionfinder.notesposition", "pk": 193, "fields": {"notes_name": 36, "position_order": 4, "position": "6,7,8,9,10"}}, {"model": "positionfinder.notesposition", "pk": 194, "fields": {"notes_name": 36, "position_order": 5, "position": "8,9,10,11,12"}}, {"model": "positionfinder.notesposition", "pk": 195, "fields": {"notes_name": 36, "position_order": 6, "position": "11,12,13,14,15"}}, {"model": "positionfinder.notesposition", "pk": 196, "fields": {"notes_name": 39, "position_order": 1, "position": "1,2,3,4,5"}}, {"model": "positionfinder.notesposition", "pk": 197, "fields": {"notes_name": 39, "position_order": 2, "position": "3,4,5,6,7"}}, {"model": "positionfinder.notesposition", "pk": 198, "fields": {"notes_name": 39, "position_order": 3, "position": "4,5,6,7,8"}}, {"model": "positionfinder.notesposition", "pk": 199, "fields": {"notes_name": 39, "position_order": 4, "position": "6,7,8,9,10"}}, {"model": "positionfinder.notesposition", "pk": 200, "fields": {"notes_name": 39, "position_order": 5, "position": "8,9,10,11,12"}}, {"model": "positionfinder.notesposition", "pk": 201, "fields": {"notes_name": 39, "position_order": 6, "position": "11,12,13,14,15"}}, {"model": "positionfinder.notesposition", "pk": 202, "fields": {"notes_name": 40, "position_order": 1, "position": "1,2,3,4,5"}}, {"model": "positionfinder.notesposition", "pk": 203, "fields": {"notes_name": 40, "position_order": 2, "position": "3,4,5,6,7"}}, {"model": "positionfinder.notesposition", "pk": 204, "fields": {"notes_name": 40, "position_order": 3, "position": "4,5,6,7,8"}}, {"model": "positionfinder.notesposition", "pk": 205, "fields": {"notes_name": 40, "position_order": 4, "position": "6,7,8,9,10"}}, {"model": "positionfinder.notesposition", "pk": 206, "fields": {"notes_name": 40, "position_order": 5, "position": "8,9,10,11,12"}}, {"model": "positionfinder.notesposition", "pk": 207, "fields": {"notes_name": 40, "position_order": 6, "position": "11,12,13,14,15"}}, {"model": "positionfinder.notesposition", "pk": 208, "fields": {"notes_name": 41, "position_order": 1, "position": "1,2,3,4,5"}}, {"model": "positionfinder.notesposition", "pk": 210, "fields": {"notes_name": 41, "position_order": 2, "position": "3,4,5,6,7"}}, {"model": "positionfinder.notesposition", "pk": 211, "fields": {"notes_name": 41, "position_order": 3, "position": "4,5,6,7,8"}}, {"model": "positionfinder.notesposition", "pk": 212, "fields": {"notes_name": 41, "position_order": 4, "position": "6,7,8,9,10"}}, {"model": "positionfinder.notesposition", "pk": 213, "fields": {"notes_name": 41, "position_order": 5, "position": "8,9,10,11,12"}}, {"model": "positionfinder.notesposition", "pk": 214, "fields": {"notes_name": 41, "position_order": 6, "position": "11,12,13,14,15"}}, {"model": "positionfinder.notesposition", "pk": 215, "fields": {"notes_name": 42, "position_order": 1, "position": "1,2,3,4,5"}}, {"model": "positionfinder.notesposition", "pk": 216, "fields": {"notes_name": 42, "position_order": 2, "position": "3,4,5,6,7"}}, {"model": "positionfinder.notesposition", "pk": 217, "fields": {"notes_name": 42, "position_order": 3, "position": "4,5,6,7,8"}}, {"model": "positionfinder.notesposition", "pk": 218, "fields": {"notes_name": 42, "position_order": 4, "position": "6,7,8,9,10"}}, {"model": "positionfinder.notesposition", "pk": 219, "fields": {"notes_name": 42, "position_order": 5, "position": "7,8,9,10,11,12"}}, {"model": "positionfinder.notesposition", "pk": 220, "fields": {"notes_name": 42, "position_order": 6, "position": "11,12,13,14,15"}}, {"model": "positionfinder.notesposition", "pk": 221, "fields": {"notes_name": 43, "position_order": 1, "position": "1,2,3,4,5"}}, {"model": "positionfinder.notesposition", "pk": 222, "fields": {"notes_name": 43, "position_order": 2, "position": "3,4,5,6,7"}}, {"model": "positionfinder.notesposition", "pk": 223, "fields": {"notes_name": 43, "position_order": 3, "position": "4,5,6,7,8"}}, {"model": "positionfinder.notesposition", "pk": 224, "fields": {"notes_name": 43, "position_order": 4, "position": "6,7,8,9,10"}}, {"model": "positionfinder.notesposition", "pk": 225, "fields": {"notes_name": 43, "position_order": 5, "position": "8,9,10,11,12"}}, {"model": "positionfinder.notesposition", "pk": 226, "fields": {"notes_name": 43, "position_order": 6, "position": "11,12,13,14,15"}}, {"model": "positionfinder.notesposition", "pk": 227, "fields": {"notes_name": 44, "position_order": 1, "position": "1,2,3,4,5"}}, {"model": "positionfinder.notesposition", "pk": 228, "fields": {"notes_name": 44, "position_order": 2, "position": "3,4,5,6,7"}}, {"model": "positionfinder.notesposition", "pk": 229, "fields": {"notes_name": 44, "position_order": 3, "position": "4,5,6,7,8"}}, {"model": "positionfinder.notesposition", "pk": 230, "fields": {"notes_name": 44, "position_order": 4, "position": "6,7,8,9,10"}}, {"model": "positionfinder.notesposition", "pk": 231, "fields": {"notes_name": 44, "position_order": 5, "position": "8,9,10,11,12"}}, {"model": "positionfinder.notesposition", "pk": 232, "fields": {"notes_name": 44, "position_order": 6, "position": "11,12,13,14,15"}}, {"model": "positionfinder.notesposition", "pk": 233, "fields": {"notes_name": 45, "position_order": 1, "position": "1,2,3,4,5"}}, {"model": "positionfinder.notesposition", "pk": 234, "fields": {"notes_name": 45, "position_order": 2, "position": "3,4,5,6,7"}}, {"model": "positionfinder.notesposition", "pk": 235, "fields": {"notes_name": 45, "position_order": 3, "position": "5,6,7,8,9"}}, {"model": "positionfinder.notesposition", "pk": 236, "fields": {"notes_name": 45, "position_order": 4, "position": "6,7,8,9,10"}}, {"model": "positionfinder.notesposition", "pk": 237, "fields": {"notes_name": 45, "position_order": 5, "position": "8,9,10,11,12"}}, {"model": "positionfinder.notesposition", "pk": 238, "fields": {"notes_name": 45, "position_order": 6, "position": "11,12,13,14,15"}}, {"model": "positionfinder.notesposition", "pk": 239, "fields": {"notes_name": 46, "position_order": 1, "position": "1,2,3,4,5"}}, {"model": "positionfinder.notesposition", "pk": 240, "fields": {"notes_name": 46, "position_order": 2, "position": "2,3,4,5,6,7"}}, {"model": "positionfinder.notesposition", "pk": 241, "fields": {"notes_name": 46, "position_order": 3, "position": "4,5,6,7,8"}}, {"model": "positionfinder.notesposition", "pk": 242, "fields": {"notes_name": 46, "position_order": 4, "position": "6,7,8,9,10"}}, {"model": "positionfinder.notesposition", "pk": 243, "fields": {"notes_name": 46, "position_order": 5, "position": "8,9,10,11,12"}}, {"model": "positionfinder.notesposition", "pk": 244, "fields": {"notes_name": 46, "position_order": 6, "position": "11,12,13,14,15"}}, {"model": "positionfinder.notesposition", "pk": 245, "fields": {"notes_name": 47, "position_order": 1, "position": "1,2,3,4,5"}}, {"model": "positionfinder.notesposition", "pk": 246, "fields": {"notes_name": 47, "position_order": 2, "position": "3,4,5,6,7"}}, {"model": "positionfinder.notesposition", "pk": 247, "fields": {"notes_name": 47, "position_order": 3, "position": "4,5,6,7,8"}}, {"model": "positionfinder.notesposition", "pk": 248, "fields": {"notes_name": 47, "position_order": 4, "position": "7,8,9,10,11"}}, {"model": "positionfinder.notesposition", "pk": 249, "fields": {"notes_name": 47, "position_order": 5, "position": "8,9,10,11,12"}}, {"model": "positionfinder.notesposition", "pk": 250, "fields": {"notes_name": 47, "position_order": 6, "position": "11,12,13,14,15"}}, {"model": "positionfinder.notesposition", "pk": 251, "fields": {"notes_name": 48, "position_order": 1, "position": "1,2,3,4,5"}}, {"model": "positionfinder.notesposition", "pk": 252, "fields": {"notes_name": 48, "position_order": 2, "position": "3,4,5,6,7"}}, {"model": "positionfinder.notesposition", "pk": 253, "fields": {"notes_name": 48, "position_order": 3, "position": "4,5,6,7,8"}}, {"model": "positionfinder.notesposition", "pk": 254, "fields": {"notes_name": 48, "position_order": 4, "position": "6,7,8,9,10"}}, {"model": "positionfinder.notesposition", "pk": 255, "fields": {"notes_name": 48, "position_order": 5, "position": "8,9,10,11,12"}}, {"model": "positionfinder.notesposition", "pk": 256, "fields": {"notes_name": 48, "position_order": 6, "position": "11,12,13,14,15"}}, {"model": "positionfinder.notesposition", "pk": 257, "fields": {"notes_name": 37, "position_order": 1, "position": "1,2,3,4,5"}}, {"model": "positionfinder.notesposition", "pk": 258, "fields": {"notes_name": 37, "position_order": 2, "position": "3,4,5,6,7"}}, {"model": "positionfinder.notesposition", "pk": 259, "fields": {"notes_name": 37, "position_order": 3, "position": "4,5,6,7,8"}}, {"model": "positionfinder.notesposition", "pk": 260, "fields": {"notes_name": 37, "position_order": 4, "position": "6,7,8,9,10"}}, {"model": "positionfinder.notesposition", "pk": 261, "fields": {"notes_name": 37, "position_order": 5, "position": "8,9,10,11,12"}}, {"model": "positionfinder.notesposition", "pk": 262, "fields": {"notes_name": 37, "position_order": 6, "position": "11,12,13,14,15"}}, {"model": "positionfinder.notesposition", "pk": 263, "fields": {"notes_name": 8, "position_order": 4, "position": "6,7,8,9,10"}}, {"model": "positionfinder.notesposition", "pk": 264, "fields": {"notes_name": 49, "position_order": 1, "position": "3,4,5,6"}}, {"model": "positionfinder.notesposition", "pk": 265, "fields": {"notes_name": 49, "position_order": 2, "position": "5,6,7,8"}}, {"model": "positionfinder.notesposition", "pk": 266, "fields": {"notes_name": 49, "position_order": 3, "position": "8,9,10,11"}}, {"model": "positionfinder.notesposition", "pk": 267, "fields": {"notes_name": 49, "position_order": 4, "position": "9,10,11,12,13"}}, {"model": "positionfinder.notesposition", "pk": 268, "fields": {"notes_name": 49, "position_order": 5, "position": "12,13,14,15,16"}}, {"model": "positionfinder.notesposition", "pk": 269, "fields": {"notes_name": 14, "position_order": 1, "position": "1,2,3,4,5"}}, {"model": "positionfinder.notesposition", "pk": 270, "fields": {"notes_name": 14, "position_order": 2, "position": "5,6,7,8"}}, {"model": "positionfinder.notesposition", "pk": 271, "fields": {"notes_name": 14, "position_order": 3, "position": "7,8,9,10,11"}}, {"model": "positionfinder.notesposition", "pk": 272, "fields": {"notes_name": 14, "position_order": 4, "position": "10,11,12,13,13,14"}}, {"model": "positionfinder.notesposition", "pk": 273, "fields": {"notes_name": 14, "position_order": 5, "position": "12,13,14,15"}}, {"model": "positionfinder.chordnotes", "pk": 52, "fields": {"category": 3, "ordering": 1, "type_name": "Triads", "chord_name": "Major", "chord_ordering": 1, "range": "e - g", "range_ordering": 1, "tonal_root": 0, "first_note": 0, "first_note_string": "gString", "second_note": 4, "second_note_string": "bString", "third_note": 7, "third_note_string": "eString", "fourth_note": null, "fourth_note_string": null, "fifth_note": null, "fifth_note_string": null, "sixth_note": null, "sixth_note_string": null}}, {"model": "positionfinder.chordnotes", "pk": 70, "fields": {"category": 3, "ordering": 2, "type_name": "Spread Triads", "chord_name": "Major", "chord_ordering": 1, "range": "e - d", "range_ordering": 1, "tonal_root": 0, "first_note": 0, "first_note_string": "dString", "second_note": 4, "second_note_string": "eString", "third_note": 7, "third_note_string": "bString", "fourth_note": null, "fourth_note_string": null, "fifth_note": null, "fifth_note_string": null, "sixth_note": null, "sixth_note_string": null}}, {"model": "positionfinder.chordnotes", "pk": 661, "fields": {"category": 3, "ordering": 1, "type_name": "Triads", "chord_name": "Diminished", "chord_ordering": 3, "range": "e - g", "range_ordering": 1, "tonal_root": 0, "first_note": 0, "first_note_string": "gString", "second_note": 3, "second_note_string": "bString", "third_note": 6, "third_note_string": "eString", "fourth_note": null, "fourth_note_string": null, "fifth_note": null, "fifth_note_string": null, "sixth_note": null, "sixth_note_string": null}}, {"model": "positionfinder.chordnotes", "pk": 663, "fields": {"category": 3, "ordering": 2, "type_name": "Spread Triads", "chord_name": "Minor", "chord_ordering": 2, "range": "e - d", "range_ordering": 1, "tonal_root": 0, "first_note": 0, "first_note_string": "dString", "second_note": 3, "second_note_string": "eString", "third_note": 7, "third_note_string": "bString", "fourth_note": null, "fourth_note_string": null, "fifth_note": null, "fifth_note_string": null, "sixth_note": null, "sixth_note_string": null}}, {"model": "positionfinder.chordnotes", "pk": 664, "fields": {"category": 3, "ordering": 2, "type_name": "Spread Triads", "chord_name": "Diminished", "chord_ordering": 3, "range": "e - d", "range_ordering": 1, "tonal_root": 0, "first_note": 0, "first_note_string": "dString", "second_note": 3, "second_note_string": "eString", "third_note": 6, "third_note_string": "bString", "fourth_note": null, "fourth_note_string": null, "fifth_note": null, "fifth_note_string": null, "sixth_note": null, "sixth_note_string": null}}, {"model": "positionfinder.chordnotes", "pk": 665, "fields": {"category": 3, "ordering": 2, "type_name": "Spread Triads", "chord_name": "Augmented", "chord_ordering": 4, "range": "e - d", "range_ordering": 1, "tonal_root": 0, "first_note": 0, "first_note_string": "dString", "second_note": 5, "second_note_string": "eString", "third_note": 8, "third_note_string": "bString", "fourth_note": null, "fourth_note_string": null, "fifth_note": null, "fifth_note_string": null, "sixth_note": null, "sixth_note_string": null}}, {"model": "positionfinder.chordnotes", "pk": 838, "fields": {"category": 3, "ordering": 1, "type_name": "Triads", "chord_name": "Major", "chord_ordering": 1, "range": "b - d", "range_ordering": 2, "tonal_root": 0, "first_note": 0, "first_note_string": "dString", "second_note": 4, "second_note_string": "gString", "third_note": 7, "third_note_string": "bString", "fourth_note": null, "fourth_note_string": null, "fifth_note": null, "fifth_note_string": null, "sixth_note": null, "sixth_note_string": null}}, {"model": "positionfinder.chordnotes", "pk": 839, "fields": {"category": 3, "ordering": 1, "type_name": "Triads", "chord_name": "Minor", "chord_ordering": 2, "range": "b - d", "range_ordering": 2, "tonal_root": 0, "first_note": 0, "first_note_string": "dString", "second_note": 3, "second_note_string": "gString", "third_note": 7, "third_note_string": "bString", "fourth_note": null, "fourth_note_string": null, "fifth_note": null, "fifth_note_string": null, "sixth_note": null, "sixth_note_string": null}}, {"model": "positionfinder.chordnotes", "pk": 840, "fields": {"category": 3, "ordering": 1, "type_name": "Triads", "chord_name": "Diminished", "chord_ordering": 3, "range": "b - d", "range_ordering": 2, "tonal_root": 0, "first_note": 0, "first_note_string": "dString", "second_note": 3, "second_note_string": "gString", "third_note": 6, "third_note_string": "bString", "fourth_note": null, "fourth_note_string": null, "fifth_note": null, "fifth_note_string": null, "sixth_note": null, "sixth_note_string": null}}, {"model": "positionfinder.chordnotes", "pk": 841, "fields": {"category": 3, "ordering": 1, "type_name": "Triads", "chord_name": "Augmented", "chord_ordering": 4, "range": "b - d", "range_ordering": 2, "tonal_root": 0, "first_note": 0, "first_note_string": "dString", "second_note": 5, "second_note_string": "gString", "third_note": 8, "third_note_string": "bString", "fourth_note": null, "fourth_note_string": null, "fifth_note": null, "fifth_note_string": null, "sixth_note": null, "sixth_note_string": null}}, {"model": "positionfinder.chordnotes", "pk": 842, "fields": {"category": 3, "ordering": 1, "type_name": "Triads", "chord_name": "Major", "chord_ordering": 1, "range": "g - A", "range_ordering": 3, "tonal_root": 0, "first_note": 0, "first_note_string": "AString", "second_note": 4, "second_note_string": "dString", "third_note": 7, "third_note_string": "gString", "fourth_note": null, "fourth_note_string": null, "fifth_note": null, "fifth_note_string": null, "sixth_note": null, "sixth_note_string": null}}, {"model": "positionfinder.chordnotes", "pk": 843, "fields": {"category": 3, "ordering": 1, "type_name": "Triads", "chord_name": "Minor", "chord_ordering": 2, "range": "g - A", "range_ordering": 3, "tonal_root": 0, "first_note": 0, "first_note_string": "AString", "second_note": 3, "second_note_string": "dString", "third_note": 7, "third_note_string": "gString", "fourth_note": null, "fourth_note_string": null, "fifth_note": null, "fifth_note_string": null, "sixth_note": null, "sixth_note_string": null}}, {"model": "positionfinder.chordnotes", "pk": 844, "fields": {"category": 3, "ordering": 1, "type_name": "Triads", "chord_name": "Diminished", "chord_ordering": 3, "range": "g - A", "range_ordering": 3, "tonal_root": 0, "first_note": 0, "first_note_string": "AString", "second_note": 3, "second_note_string": "dString", "third_note": 6, "third_note_string": "gString", "fourth_note": null, "fourth_note_string": null, "fifth_note": null, "fifth_note_string": null, "sixth_note": null, "sixth_note_string": null}}, {"model": "positionfinder.chordnotes", "pk": 845, "fields": {"category": 3, "ordering": 1, "type_name": "Triads", "chord_name": "Augmented", "chord_ordering": 4, "range": "g - A", "range_ordering": 3, "tonal_root": 0, "first_note": 0, "first_note_string": "AString", "second_note": 5, "second_note_string": "dString", "third_note": 8, "third_note_string": "gString", "fourth_note": null, "fourth_note_string": null, "fifth_note": null, "fifth_note_string": null, "sixth_note": null, "sixth_note_string": null}}, {"model": "positionfinder.chordnotes", "pk": 846, "fields": {"category": 3, "ordering": 1, "type_name": "Triads", "chord_name": "Major", "chord_ordering": 1, "range": "d - E", "range_ordering": 4, "tonal_root": 0, "first_note": 0, "first_note_string": "ELowString", "second_note": 4, "second_note_string": "AString", "third_note": 7, "third_note_string": "dString", "fourth_note": null, "fourth_note_string": null, "fifth_note": null, "fifth_note_string": null, "sixth_note": null, "sixth_note_string": null}}, {"model": "positionfinder.chordnotes", "pk": 847, "fields": {"category": 3, "ordering": 1, "type_name": "Triads", "chord_name": "Minor", "chord_ordering": 2, "range": "d - E", "range_ordering": 4, "tonal_root": 0, "first_note": 0, "first_note_string": "ELowString", "second_note": 3, "second_note_string": "AString", "third_note": 7, "third_note_string": "dString", "fourth_note": null, "fourth_note_string": null, "fifth_note": null, "fifth_note_string": null, "sixth_note": null, "sixth_note_string": null}}, {"model": "positionfinder.chordnotes", "pk": 848, "fields": {"category": 3, "ordering": 1, "type_name": "Triads", "chord_name": "Diminished", "chord_ordering": 3, "range": "d - E", "range_ordering": 4, "tonal_root": 0, "first_note": 0, "first_note_string": "ELowString", "second_note": 3, "second_note_string": "AString", "third_note": 6, "third_note_string": "dString", "fourth_note": null, "fourth_note_string": null, "fifth_note": null, "fifth_note_string": null, "sixth_note": null, "sixth_note_string": null}}, {"model": "positionfinder.chordnotes", "pk": 849, "fields": {"category": 3, "ordering": 1, "type_name": "Triads", "chord_name": "Augmented", "chord_ordering": 4, "range": "d - E", "range_ordering": 4, "tonal_root": 0, "first_note": 0, "first_note_string": "ELowString", "second_note": 5, "second_note_string": "AString", "third_note": 8, "third_note_string": "dString", "fourth_note": null, "fourth_note_string": null, "fifth_note": null, "fifth_note_string": null, "sixth_note": null, "sixth_note_string": null}}, {"model": "positionfinder.chordnotes", "pk": 850, "fields": {"category": 3, "ordering": 2, "type_name": "Spread Triads", "chord_name": "Major", "chord_ordering": 1, "range": "b - A", "range_ordering": 2, "tonal_root": 0, "first_note": 0, "first_note_string": "AString", "second_note": 4, "second_note_string": "bString", "third_note": 7, "third_note_string": "dString", "fourth_note": null, "fourth_note_string": null, "fifth_note": null, "fifth_note_string": null, "sixth_note": null, "sixth_note_string": null}}, {"model": "positionfinder.chordnotes", "pk": 851, "fields": {"category": 3, "ordering": 2, "type_name": "Spread Triads", "chord_name": "Minor", "chord_ordering": 2, "range": "b - A", "range_ordering": 2, "tonal_root": 0, "first_note": 0, "first_note_string": "AString", "second_note": 3, "second_note_string": "bString", "third_note": 7, "third_note_string": "dString", "fourth_note": null, "fourth_note_string": null, "fifth_note": null, "fifth_note_string": null, "sixth_note": null, "sixth_note_string": null}}, {"model": "positionfinder.chordnotes", "pk": 852, "fields": {"category": 3, "ordering": 2, "type_name": "Spread Triads", "chord_name": "Diminished", "chord_ordering": 3, "range": "b - A", "range_ordering": 2, "tonal_root": 0, "first_note": 0, "first_note_string": "AString", "second_note": 3, "second_note_string": "bString", "third_note": 6, "third_note_string": "dString", "fourth_note": null, "fourth_note_string": null, "fifth_note": null, "fifth_note_string": null, "sixth_note": null, "sixth_note_string": null}}, {"model": "positionfinder.chordnotes", "pk": 853, "fields": {"category": 3, "ordering": 2, "type_name": "Spread Triads", "chord_name": "Augmented", "chord_ordering": 4, "range": "b - A", "range_ordering": 2, "tonal_root": 0, "first_note": 0, "first_note_string": "AString", "second_note": 5, "second_note_string": "bString", "third_note": 8, "third_note_string": "dString", "fourth_note": null, "fourth_note_string": null, "fifth_note": null, "fifth_note_string": null, "sixth_note": null, "sixth_note_string": null}}, {"model": "positionfinder.chordnotes", "pk": 860, "fields": {"category": 3, "ordering": 2, "type_name": "Spread Triads", "chord_name": "Major", "chord_ordering": 1, "range": "g - E", "range_ordering": 3, "tonal_root": 0, "first_note": 0, "first_note_string": "ELowString", "second_note": 4, "second_note_string": "gString", "third_note": 7, "third_note_string": "AString", "fourth_note": null, "fourth_note_string": null, "fifth_note": null, "fifth_note_string": null, "sixth_note": null, "sixth_note_string": null}}, {"model": "positionfinder.chordnotes", "pk": 861, "fields": {"category": 3, "ordering": 2, "type_name": "Spread Triads", "chord_name": "Minor", "chord_ordering": 2, "range": "g - E", "range_ordering": 3, "tonal_root": 0, "first_note": 0, "first_note_string": "ELowString", "second_note": 3, "second_note_string": "gString", "third_note": 7, "third_note_string": "AString", "fourth_note": null, "fourth_note_string": null, "fifth_note": null, "fifth_note_string": null, "sixth_note": null, "sixth_note_string": null}}, {"model": "positionfinder.chordnotes", "pk": 862, "fields": {"category": 3, "ordering": 2, "type_name": "Spread Triads", "chord_name": "Diminished", "chord_ordering": 3, "range": "g - E", "range_ordering": 3, "tonal_root": 0, "first_note": 0, "first_note_string": "ELowString", "second_note": 3, "second_note_string": "gString", "third_note": 6, "third_note_string": "AString", "fourth_note": null, "fourth_note_string": null, "fifth_note": null, "fifth_note_string": null, "sixth_note": null, "sixth_note_string": null}}, {"model": "positionfinder.chordnotes", "pk": 863, "fields": {"category": 3, "ordering": 2, "type_name": "Spread Triads", "chord_name": "Augmented", "chord_ordering": 4, "range": "g - E", "range_ordering": 3, "tonal_root": 0, "first_note": 0, "first_note_string": "ELowString", "second_note": 5, "second_note_string": "gString", "third_note": 8, "third_note_string": "AString", "fourth_note": null, "fourth_note_string": null, "fifth_note": null, "fifth_note_string": null, "sixth_note": null, "sixth_note_string": null}}, {"model": "positionfinder.chordnotes", "pk": 874, "fields": {"category": 3, "ordering": 1, "type_name": "Triads", "chord_name": "Major", "chord_ordering": 1, "range": "a - b", "range_ordering": 1, "tonal_root": 0, "first_note": 0, "first_note_string": "highAString", "second_note": 4, "second_note_string": "bString", "third_note": 7, "third_note_string": "eString", "fourth_note": null, "fourth_note_string": null, "fifth_note": null, "fifth_note_string": null, "sixth_note": null, "sixth_note_string": null}}, {"model": "positionfinder.chordnotes", "pk": 878, "fields": {"category": 3, "ordering": 1, "type_name": "Triads", "chord_name": "Minor", "chord_ordering": 2, "range": "a - b", "range_ordering": 1, "tonal_root": 0, "first_note": 0, "first_note_string": "highAString", "second_note": 3, "second_note_string": "bString", "third_note": 7, "third_note_string": "eString", "fourth_note": null, "fourth_note_string": null, "fifth_note": null, "fifth_note_string": null, "sixth_note": null, "sixth_note_string": null}}, {"model": "positionfinder.chordnotes", "pk": 879, "fields": {"category": 3, "ordering": 1, "type_name": "Triads", "chord_name": "Diminished", "chord_ordering": 3, "range": "a - b", "range_ordering": 1, "tonal_root": 0, "first_note": 0, "first_note_string": "highAString", "second_note": 3, "second_note_string": "bString", "third_note": 6, "third_note_string": "eString", "fourth_note": null, "fourth_note_string": null, "fifth_note": null, "fifth_note_string": null, "sixth_note": null, "sixth_note_string": null}}, {"model": "positionfinder.chordnotes", "pk": 880, "fields": {"category": 3, "ordering": 1, "type_name": "Triads", "chord_name": "Augmented", "chord_ordering": 4, "range": "a - b", "range_ordering": 1, "tonal_root": 0, "first_note": 0, "first_note_string": "highAString", "second_note": 5, "second_note_string": "bString", "third_note": 8, "third_note_string": "eString", "fourth_note": null, "fourth_note_string": null, "fifth_note": null, "fifth_note_string": null, "sixth_note": null, "sixth_note_string": null}}, {"model": "positionfinder.chordnotes", "pk": 881, "fields": {"category": 3, "ordering": 1, "type_name": "Triads", "chord_name": "Minor", "chord_ordering": 2, "range": "e - g", "range_ordering": 1, "tonal_root": 0, "first_note": 0, "first_note_string": "gString", "second_note": 3, "second_note_string": "bString", "third_note": 7, "third_note_string": "eString", "fourth_note": null, "fourth_note_string": null, "fifth_note": null, "fifth_note_string": null, "sixth_note": null, "sixth_note_string": null}}, {"model": "positionfinder.chordnotes", "pk": 883, "fields": {"category": 3, "ordering": 1, "type_name": "Triads", "chord_name": "Augmented", "chord_ordering": 4, "range": "e - g", "range_ordering": 1, "tonal_root": 0, "first_note": 0, "first_note_string": "gString", "second_note": 5, "second_note_string": "bString", "third_note": 8, "third_note_string": "eString", "fourth_note": null, "fourth_note_string": null, "fifth_note": null, "fifth_note_string": null, "sixth_note": null, "sixth_note_string": null}}, {"model": "positionfinder.chordnotes", "pk": 884, "fields": {"category": 3, "ordering": 1, "type_name": "Triads", "chord_name": "Major", "chord_ordering": 1, "range": "A - B", "range_ordering": 1, "tonal_root": 0, "first_note": 0, "first_note_string": "AString", "second_note": 4, "second_note_string": "lowBString", "third_note": 7, "third_note_string": "ELowString", "fourth_note": null, "fourth_note_string": null, "fifth_note": null, "fifth_note_string": null, "sixth_note": null, "sixth_note_string": null}}, {"model": "positionfinder.chordnotes", "pk": 885, "fields": {"category": 3, "ordering": 1, "type_name": "Triads", "chord_name": "Minor", "chord_ordering": 2, "range": "A - B", "range_ordering": 1, "tonal_root": 0, "first_note": 0, "first_note_string": "AString", "second_note": 3, "second_note_string": "lowBString", "third_note": 7, "third_note_string": "ELowString", "fourth_note": null, "fourth_note_string": null, "fifth_note": null, "fifth_note_string": null, "sixth_note": null, "sixth_note_string": null}}, {"model": "positionfinder.chordnotes", "pk": 886, "fields": {"category": 3, "ordering": 1, "type_name": "Triads", "chord_name": "Diminished", "chord_ordering": 3, "range": "A - B", "range_ordering": 1, "tonal_root": 0, "first_note": 0, "first_note_string": "AString", "second_note": 3, "second_note_string": "lowBString", "third_note": 6, "third_note_string": "ELowString", "fourth_note": null, "fourth_note_string": null, "fifth_note": null, "fifth_note_string": null, "sixth_note": null, "sixth_note_string": null}}, {"model": "positionfinder.chordnotes", "pk": 887, "fields": {"category": 3, "ordering": 1, "type_name": "Triads", "chord_name": "Augmented", "chord_ordering": 4, "range": "A - B", "range_ordering": 1, "tonal_root": 0, "first_note": 0, "first_note_string": "AString", "second_note": 5, "second_note_string": "lowBString", "third_note": 8, "third_note_string": "ELowString", "fourth_note": null, "fourth_note_string": null, "fifth_note": null, "fifth_note_string": null, "sixth_note": null, "sixth_note_string": null}}, {"model": "positionfinder.chordnotes", "pk": 888, "fields": {"category": 3, "ordering": 2, "type_name": "Spread Triads", "chord_name": "Major", "chord_ordering": 1, "range": "a - g", "range_ordering": 1, "tonal_root": 0, "first_note": 0, "first_note_string": "gString", "second_note": 4, "second_note_string": "highAString", "third_note": 7, "third_note_string": "bString", "fourth_note": null, "fourth_note_string": null, "fifth_note": null, "fifth_note_string": null, "sixth_note": null, "sixth_note_string": null}}, {"model": "positionfinder.chordnotes", "pk": 892, "fields": {"category": 3, "ordering": 2, "type_name": "Spread Triads", "chord_name": "Minor", "chord_ordering": 2, "range": "a - g", "range_ordering": 1, "tonal_root": 0, "first_note": 0, "first_note_string": "gString", "second_note": 3, "second_note_string": "highAString", "third_note": 7, "third_note_string": "bString", "fourth_note": null, "fourth_note_string": null, "fifth_note": null, "fifth_note_string": null, "sixth_note": null, "sixth_note_string": null}}, {"model": "positionfinder.chordnotes", "pk": 893, "fields": {"category": 3, "ordering": 2, "type_name": "Spread Triads", "chord_name": "Diminished", "chord_ordering": 3, "range": "a - g", "range_ordering": 1, "tonal_root": 0, "first_note": 0, "first_note_string": "gString", "second_note": 3, "second_note_string": "highAString", "third_note": 6, "third_note_string": "bString", "fourth_note": null, "fourth_note_string": null, "fifth_note": null, "fifth_note_string": null, "sixth_note": null, "sixth_note_string": null}}, {"model": "positionfinder.chordnotes", "pk": 894, "fields": {"category": 3, "ordering": 2, "type_name": "Spread Triads", "chord_name": "Augmented", "chord_ordering": 4, "range": "a - g", "range_ordering": 1, "tonal_root": 0, "first_note": 0, "first_note_string": "gString", "second_note": 5, "second_note_string": "highAString", "third_note": 8, "third_note_string": "bString", "fourth_note": null, "fourth_note_string": null, "fifth_note": null, "fifth_note_string": null, "sixth_note": null, "sixth_note_string": null}}, {"model": "positionfinder.chordposition", "pk": 2700, "fields": {"notes_name": 52, "inversion_order": "First Inversion", "first_note": 4, "second_note": 3, "third_note": 5, "fourth_note": null, "fifth_note": null, "sixth_note": null}}, {"model": "positionfinder.chordposition", "pk": 2705, "fields": {"notes_name": 661, "inversion_order": "Basic Position", "first_note": 0, "second_note": 0, "third_note": 0, "fourth_note": null, "fifth_note": null, "sixth_note": null}}, {"model": "positionfinder.chordposition", "pk": 2706, "fields": {"notes_name": 661, "inversion_order": "First Inversion", "first_note": 3, "second_note": 3, "third_note": 6, "fourth_note": null, "fifth_note": null, "sixth_note": null}}, {"model": "positionfinder.chordposition", "pk": 2707, "fields": {"notes_name": 661, "inversion_order": "Second Inversion", "first_note": 6, "second_note": 9, "third_note": 9, "fourth_note": null, "fifth_note": null, "sixth_note": null}}, {"model": "positionfinder.chordposition", "pk": 2711, "fields": {"notes_name": 70, "inversion_order": "Basic Position", "first_note": 0, "second_note": 0, "third_note": 0, "fourth_note": null, "fifth_note": null, "sixth_note": null}}, {"model": "positionfinder.chordposition", "pk": 2712, "fields": {"notes_name": 70, "inversion_order": "First Inversion", "first_note": 4, "second_note": 3, "third_note": 5, "fourth_note": null, "fifth_note": null, "sixth_note": null}}, {"model": "positionfinder.chordposition", "pk": 2713, "fields": {"notes_name": 70, "inversion_order": "Second Inversion", "first_note": 7, "second_note": 8, "third_note": 9, "fourth_note": null, "fifth_note": null, "sixth_note": null}}, {"model": "positionfinder.chordposition", "pk": 2714, "fields": {"notes_name": 663, "inversion_order": "Basic Position", "first_note": 0, "second_note": 0, "third_note": 0, "fourth_note": null, "fifth_note": null, "sixth_note": null}}, {"model": "positionfinder.chordposition", "pk": 2715, "fields": {"notes_name": 663, "inversion_order": "First Inversion", "first_note": 3, "second_note": 4, "third_note": 5, "fourth_note": null, "fifth_note": null, "sixth_note": null}}, {"model": "positionfinder.chordposition", "pk": 2716, "fields": {"notes_name": 663, "inversion_order": "Second Inversion", "first_note": 7, "second_note": 9, "third_note": 8, "fourth_note": null, "fifth_note": null, "sixth_note": null}}, {"model": "positionfinder.chordposition", "pk": 2717, "fields": {"notes_name": 664, "inversion_order": "Basic Position", "first_note": 0, "second_note": 0, "third_note": 0, "fourth_note": null, "fifth_note": null, "sixth_note": null}}, {"model": "positionfinder.chordposition", "pk": 2718, "fields": {"notes_name": 664, "inversion_order": "First Inversion", "first_note": 3, "second_note": 3, "third_note": 6, "fourth_note": null, "fifth_note": null, "sixth_note": null}}, {"model": "positionfinder.chordposition", "pk": 2719, "fields": {"notes_name": 664, "inversion_order": "Second Inversion", "first_note": 6, "second_note": 9, "third_note": 9, "fourth_note": null, "fifth_note": null, "sixth_note": null}}, {"model": "positionfinder.chordposition", "pk": 2720, "fields": {"notes_name": 665, "inversion_order": "Basic Position", "first_note": 0, "second_note": 0, "third_note": 0, "fourth_note": null, "fifth_note": null, "sixth_note": null}}, {"model": "positionfinder.chordposition", "pk": 2721, "fields": {"notes_name": 665, "inversion_order": "First Inversion", "first_note": 5, "second_note": 3, "third_note": 4, "fourth_note": null, "fifth_note": null, "sixth_note": null}}, {"model": "positionfinder.chordposition", "pk": 2722, "fields": {"notes_name": 665, "inversion_order": "Second Inversion", "first_note": 8, "second_note": 7, "third_note": 9, "fourth_note": null, "fifth_note": null, "sixth_note": null}}, {"model": "positionfinder.chordposition", "pk": 3407, "fields": {"notes_name": 838, "inversion_order": "Basic Position", "first_note": 0, "second_note": 0, "third_note": 0, "fourth_note": null, "fifth_note": null, "sixth_note": null}}, {"model": "positionfinder.chordposition", "pk": 3408, "fields": {"notes_name": 838, "inversion_order": "First Inversion", "first_note": 4, "second_note": 3, "third_note": 5, "fourth_note": null, "fifth_note": null, "sixth_note": null}}, {"model": "positionfinder.chordposition", "pk": 3409, "fields": {"notes_name": 838, "inversion_order": "Second Inversion", "first_note": 7, "second_note": 8, "third_note": 9, "fourth_note": null, "fifth_note": null, "sixth_note": null}}, {"model": "positionfinder.chordposition", "pk": 3410, "fields": {"notes_name": 839, "inversion_order": "Basic Position", "first_note": 0, "second_note": 0, "third_note": 0, "fourth_note": null, "fifth_note": null, "sixth_note": null}}, {"model": "positionfinder.chordposition", "pk": 3411, "fields": {"notes_name": 839, "inversion_order": "First Inversion", "first_note": 3, "second_note": 4, "third_note": 5, "fourth_note": null, "fifth_note": null, "sixth_note": null}}, {"model": "positionfinder.chordposition", "pk": 3412, "fields": {"notes_name": 839, "inversion_order": "Second Inversion", "first_note": 7, "second_note": 9, "third_note": 8, "fourth_note": null, "fifth_note": null, "sixth_note": null}}, {"model": "positionfinder.chordposition", "pk": 3413, "fields": {"notes_name": 840, "inversion_order": "Basic Position", "first_note": 0, "second_note": 0, "third_note": 0, "fourth_note": null, "fifth_note": null, "sixth_note": null}}, {"model": "positionfinder.chordposition", "pk": 3414, "fields": {"notes_name": 840, "inversion_order": "First Inversion", "first_note": 3, "second_note": 3, "third_note": 6, "fourth_note": null, "fifth_note": null, "sixth_note": null}}, {"model": "positionfinder.chordposition", "pk": 3415, "fields": {"notes_name": 840, "inversion_order": "Second Inversion", "first_note": 6, "second_note": 9, "third_note": 9, "fourth_note": null, "fifth_note": null, "sixth_note": null}}, {"model": "positionfinder.chordposition", "pk": 3416, "fields": {"notes_name": 841, "inversion_order": "Basic Position", "first_note": 0, "second_note": 0, "third_note": 0, "fourth_note": null, "fifth_note": null, "sixth_note": null}}, {"model": "positionfinder.chordposition", "pk": 3417, "fields": {"notes_name": 841, "inversion_order": "First Inversion", "first_note": 5, "second_note": 3, "third_note": 4, "fourth_note": null, "fifth_note": null, "sixth_note": null}}, {"model": "positionfinder.chordposition", "pk": 3418, "fields": {"notes_name": 841, "inversion_order": "Second Inversion", "first_note": 8, "second_note": 7, "third_note": 9, "fourth_note": null, "fifth_note": null, "sixth_note": null}}, {"model": "positionfinder.chordposition", "pk": 3419, "fields": {"notes_name": 842, "inversion_order": "Basic Position", "first_note": 0, "second_note": 0, "third_note": 0, "fourth_note": null, "fifth_note": null, "sixth_note": null}}, {"model": "positionfinder.chordposition", "pk": 3420, "fields": {"notes_name": 842, "inversion_order": "First Inversion", "first_note": 4, "second_note": 3, "third_note": 5, "fourth_note": null, "fifth_note": null, "sixth_note": null}}, {"model": "positionfinder.chordposition", "pk": 3421, "fields": {"notes_name": 842, "inversion_order": "Second Inversion", "first_note": 7, "second_note": 8, "third_note": 9, "fourth_note": null, "fifth_note": null, "sixth_note": null}}, {"model": "positionfinder.chordposition", "pk": 3422, "fields": {"notes_name": 843, "inversion_order": "Basic Position", "first_note": 0, "second_note": 0, "third_note": 0, "fourth_note": null, "fifth_note": null, "sixth_note": null}}, {"model": "positionfinder.chordposition", "pk": 3423, "fields": {"notes_name": 843, "inversion_order": "First Inversion", "first_note": 3, "second_note": 4, "third_note": 5, "fourth_note": null, "fifth_note": null, "sixth_note": null}}, {"model": "positionfinder.chordposition", "pk": 3424, "fields": {"notes_name": 843, "inversion_order": "Second Inversion", "first_note": 7, "second_note": 9, "third_note": 8, "fourth_note": null, "fifth_note": null, "sixth_note": null}}, {"model": "positionfinder.chordposition", "pk": 3425, "fields": {"notes_name": 844, "inversion_order": "Basic Position", "first_note": 0, "second_note": 0, "third_note": 0, "fourth_note": null, "fifth_note": null, "sixth_note": null}}, {"model": "positionfinder.chordposition", "pk": 3426, "fields": {"notes_name": 844, "inversion_order": "First Inversion", "first_note": 3, "second_note": 3, "third_note": 6, "fourth_note": null, "fifth_note": null, "sixth_note": null}}, {"model": "positionfinder.chordposition", "pk": 3427, "fields": {"notes_name": 844, "inversion_order": "Second Inversion", "first_note": 6, "second_note": 9, "third_note": 9, "fourth_note": null, "fifth_note": null, "sixth_note": null}}, {"model": "positionfinder.chordposition", "pk": 3428, "fields": {"notes_name": 845, "inversion_order": "Basic Position", "first_note": 0, "second_note": 0, "third_note": 0, "fourth_note": null, "fifth_note": null, "sixth_note": null}}, {"model": "positionfinder.chordposition", "pk": 3429, "fields": {"notes_name": 845, "inversion_order": "First Inversion", "first_note": 5, "second_note": 3, "third_note": 4, "fourth_note": null, "fifth_note": null, "sixth_note": null}}, {"model": "positionfinder.chordposition", "pk": 3430, "fields": {"notes_name": 845, "inversion_order": "Second Inversion", "first_note": 8, "second_note": 7, "third_note": 9, "fourth_note": null, "fifth_note": null, "sixth_note": null}}, {"model": "positionfinder.chordposition", "pk": 3431, "fields": {"notes_name": 846, "inversion_order": "Basic Position", "first_note": 0, "second_note": 0, "third_note": 0, "fourth_note": null, "fifth_note": null, "sixth_note": null}}, {"model": "positionfinder.chordposition", "pk": 3432, "fields": {"notes_name": 846, "inversion_order": "First Inversion", "first_note": 4, "second_note": 3, "third_note": 5, "fourth_note": null, "fifth_note": null, "sixth_note": null}}, {"model": "positionfinder.chordposition", "pk": 3433, "fields": {"notes_name": 846, "inversion_order": "Second Inversion", "first_note": 7, "second_note": 8, "third_note": 9, "fourth_note": null, "fifth_note": null, "sixth_note": null}}, {"model": "positionfinder.chordposition", "pk": 3434, "fields": {"notes_name": 847, "inversion_order": "Basic Position", "first_note": 0, "second_note": 0, "third_note": 0, "fourth_note": null, "fifth_note": null, "sixth_note": null}}, {"model": "positionfinder.chordposition", "pk": 3435, "fields": {"notes_name": 847, "inversion_order": "First Inversion", "first_note": 3, "second_note": 4, "third_note": 5, "fourth_note": null, "fifth_note": null, "sixth_note": null}}, {"model": "positionfinder.chordposition", "pk": 3436, "fields": {"notes_name": 847, "inversion_order": "Second Inversion", "first_note": 7, "second_note": 9, "third_note": 8, "fourth_note": null, "fifth_note": null, "sixth_note": null}}, {"model": "positionfinder.chordposition", "pk": 3437, "fields": {"notes_name": 848, "inversion_order": "Basic Position", "first_note": 0, "second_note": 0, "third_note": 0, "fourth_note": null, "fifth_note": null, "sixth_note": null}}, {"model": "positionfinder.chordposition", "pk": 3438, "fields": {"notes_name": 848, "inversion_order": "First Inversion", "first_note": 3, "second_note": 3, "third_note": 6, "fourth_note": null, "fifth_note": null, "sixth_note": null}}, {"model": "positionfinder.chordposition", "pk": 3439, "fields": {"notes_name": 848, "inversion_order": "Second Inversion", "first_note": 6, "second_note": 9, "third_note": 9, "fourth_note": null, "fifth_note": null, "sixth_note": null}}, {"model": "positionfinder.chordposition", "pk": 3440, "fields": {"notes_name": 849, "inversion_order": "Basic Position", "first_note": 0, "second_note": 0, "third_note": 0, "fourth_note": null, "fifth_note": null, "sixth_note": null}}, {"model": "positionfinder.chordposition", "pk": 3441, "fields": {"notes_name": 849, "inversion_order": "First Inversion", "first_note": 5, "second_note": 3, "third_note": 4, "fourth_note": null, "fifth_note": null, "sixth_note": null}}, {"model": "positionfinder.chordposition", "pk": 3442, "fields": {"notes_name": 849, "inversion_order": "Second Inversion", "first_note": 8, "second_note": 7, "third_note": 9, "fourth_note": null, "fifth_note": null, "sixth_note": null}}, {"model": "positionfinder.chordposition", "pk": 3443, "fields": {"notes_name": 850, "inversion_order": "Basic Position", "first_note": 0, "second_note": 0, "third_note": 0, "fourth_note": null, "fifth_note": null, "sixth_note": null}}, {"model": "positionfinder.chordposition", "pk": 3444, "fields": {"notes_name": 850, "inversion_order": "First Inversion", "first_note": 4, "second_note": 3, "third_note": 5, "fourth_note": null, "fifth_note": null, "sixth_note": null}}, {"model": "positionfinder.chordposition", "pk": 3445, "fields": {"notes_name": 850, "inversion_order": "Second Inversion", "first_note": 7, "second_note": 8, "third_note": 9, "fourth_note": null, "fifth_note": null, "sixth_note": null}}, {"model": "positionfinder.chordposition", "pk": 3446, "fields": {"notes_name": 851, "inversion_order": "Basic Position", "first_note": 0, "second_note": 0, "third_note": 0, "fourth_note": null, "fifth_note": null, "sixth_note": null}}, {"model": "positionfinder.chordposition", "pk": 3447, "fields": {"notes_name": 851, "inversion_order": "First Inversion", "first_note": 3, "second_note": 4, "third_note": 5, "fourth_note": null, "fifth_note": null, "sixth_note": null}}, {"model": "positionfinder.chordposition", "pk": 3448, "fields": {"notes_name": 851, "inversion_order": "Second Inversion", "first_note": 7, "second_note": 9, "third_note": 8, "fourth_note": null, "fifth_note": null, "sixth_note": null}}, {"model": "positionfinder.chordposition", "pk": 3449, "fields": {"notes_name": 852, "inversion_order": "Basic Position", "first_note": 0, "second_note": 0, "third_note": 0, "fourth_note": null, "fifth_note": null, "sixth_note": null}}, {"model": "positionfinder.chordposition", "pk": 3450, "fields": {"notes_name": 852, "inversion_order": "First Inversion", "first_note": 3, "second_note": 3, "third_note": 6, "fourth_note": null, "fifth_note": null, "sixth_note": null}}, {"model": "positionfinder.chordposition", "pk": 3451, "fields": {"notes_name": 852, "inversion_order": "Second Inversion", "first_note": 6, "second_note": 9, "third_note": 9, "fourth_note": null, "fifth_note": null, "sixth_note": null}}, {"model": "positionfinder.chordposition", "pk": 3452, "fields": {"notes_name": 853, "inversion_order": "Basic Position", "first_note": 0, "second_note": 0, "third_note": 0, "fourth_note": null, "fifth_note": null, "sixth_note": null}}, {"model": "positionfinder.chordposition", "pk": 3453, "fields": {"notes_name": 853, "inversion_order": "First Inversion", "first_note": 5, "second_note": 3, "third_note": 4, "fourth_note": null, "fifth_note": null, "sixth_note": null}}, {"model": "positionfinder.chordposition", "pk": 3454, "fields": {"notes_name": 853, "inversion_order": "Second Inversion", "first_note": 8, "second_note": 7, "third_note": 9, "fourth_note": null, "fifth_note": null, "sixth_note": null}}, {"model": "positionfinder.chordposition", "pk": 3467, "fields": {"notes_name": 860, "inversion_order": "Basic Position", "first_note": 0, "second_note": 0, "third_note": 0, "fourth_note": null, "fifth_note": null, "sixth_note": null}}, {"model": "positionfinder.chordposition", "pk": 3468, "fields": {"notes_name": 860, "inversion_order": "First Inversion", "first_note": 4, "second_note": 3, "third_note": 5, "fourth_note": null, "fifth_note": null, "sixth_note": null}}, {"model": "positionfinder.chordposition", "pk": 3469, "fields": {"notes_name": 860, "inversion_order": "Second Inversion", "first_note": 7, "second_note": 8, "third_note": 9, "fourth_note": null, "fifth_note": null, "sixth_note": null}}, {"model": "positionfinder.chordposition", "pk": 3470, "fields": {"notes_name": 861, "inversion_order": "Basic Position", "first_note": 0, "second_note": 0, "third_note": 0, "fourth_note": null, "fifth_note": null, "sixth_note": null}}, {"model": "positionfinder.chordposition", "pk": 3471, "fields": {"notes_name": 861, "inversion_order": "First Inversion", "first_note": 3, "second_note": 4, "third_note": 5, "fourth_note": null, "fifth_note": null, "sixth_note": null}}, {"model": "positionfinder.chordposition", "pk": 3472, "fields": {"notes_name": 861, "inversion_order": "Second Inversion", "first_note": 7, "second_note": 9, "third_note": 8, "fourth_note": null, "fifth_note": null, "sixth_note": null}}, {"model": "positionfinder.chordposition", "pk": 3473, "fields": {"notes_name": 862, "inversion_order": "Basic Position", "first_note": 0, "second_note": 0, "third_note": 0, "fourth_note": null, "fifth_note": null, "sixth_note": null}}, {"model": "positionfinder.chordposition", "pk": 3474, "fields": {"notes_name": 862, "inversion_order": "First Inversion", "first_note": 3, "second_note": 3, "third_note": 6, "fourth_note": null, "fifth_note": null, "sixth_note": null}}, {"model": "positionfinder.chordposition", "pk": 3475, "fields": {"notes_name": 862, "inversion_order": "Second Inversion", "first_note": 6, "second_note": 9, "third_note": 9, "fourth_note": null, "fifth_note": null, "sixth_note": null}}, {"model": "positionfinder.chordposition", "pk": 3476, "fields": {"notes_name": 863, "inversion_order": "Basic Position", "first_note": 0, "second_note": 0, "third_note": 0, "fourth_note": null, "fifth_note": null, "sixth_note": null}}, {"model": "positionfinder.chordposition", "pk": 3477, "fields": {"notes_name": 863, "inversion_order": "First Inversion", "first_note": 5, "second_note": 3, "third_note": 4, "fourth_note": null, "fifth_note": null, "sixth_note": null}}, {"model": "positionfinder.chordposition", "pk": 3478, "fields": {"notes_name": 863, "inversion_order": "Second Inversion", "first_note": 8, "second_note": 7, "third_note": 9, "fourth_note": null, "fifth_note": null, "sixth_note": null}}, {"model": "positionfinder.chordposition", "pk": 3515, "fields": {"notes_name": 874, "inversion_order": "Basic Position", "first_note": 0, "second_note": 0, "third_note": 0, "fourth_note": null, "fifth_note": null, "sixth_note": null}}, {"model": "positionfinder.chordposition", "pk": 3516, "fields": {"notes_name": 874, "inversion_order": "First Inversion", "first_note": 4, "second_note": 3, "third_note": 5, "fourth_note": null, "fifth_note": null, "sixth_note": null}}, {"model": "positionfinder.chordposition", "pk": 3529, "fields": {"notes_name": 874, "inversion_order": "Second Inversion", "first_note": 7, "second_note": 8, "third_note": 9, "fourth_note": null, "fifth_note": null, "sixth_note": null}}, {"model": "positionfinder.chordposition", "pk": 3530, "fields": {"notes_name": 878, "inversion_order": "Basic Position", "first_note": 0, "second_note": 0, "third_note": 0, "fourth_note": null, "fifth_note": null, "sixth_note": null}}, {"model": "positionfinder.chordposition", "pk": 3531, "fields": {"notes_name": 878, "inversion_order": "First Inversion", "first_note": 3, "second_note": 4, "third_note": 5, "fourth_note": null, "fifth_note": null, "sixth_note": null}}, {"model": "positionfinder.chordposition", "pk": 3532, "fields": {"notes_name": 878, "inversion_order": "Second Inversion", "first_note": 7, "second_note": 9, "third_note": 8, "fourth_note": null, "fifth_note": null, "sixth_note": null}}, {"model": "positionfinder.chordposition", "pk": 3533, "fields": {"notes_name": 879, "inversion_order": "Basic Position", "first_note": 0, "second_note": 0, "third_note": 0, "fourth_note": null, "fifth_note": null, "sixth_note": null}}, {"model": "positionfinder.chordposition", "pk": 3534, "fields": {"notes_name": 879, "inversion_order": "First Inversion", "first_note": 3, "second_note": 3, "third_note": 6, "fourth_note": null, "fifth_note": null, "sixth_note": null}}, {"model": "positionfinder.chordposition", "pk": 3535, "fields": {"notes_name": 879, "inversion_order": "Second Inversion", "first_note": 6, "second_note": 9, "third_note": 9, "fourth_note": null, "fifth_note": null, "sixth_note": null}}, {"model": "positionfinder.chordposition", "pk": 3536, "fields": {"notes_name": 880, "inversion_order": "Basic Position", "first_note": 0, "second_note": 0, "third_note": 0, "fourth_note": null, "fifth_note": null, "sixth_note": null}}, {"model": "positionfinder.chordposition", "pk": 3537, "fields": {"notes_name": 880, "inversion_order": "First Inversion", "first_note": 5, "second_note": 3, "third_note": 4, "fourth_note": null, "fifth_note": null, "sixth_note": null}}, {"model": "positionfinder.chordposition", "pk": 3538, "fields": {"notes_name": 880, "inversion_order": "Second Inversion", "first_note": 8, "second_note": 7, "third_note": 9, "fourth_note": null, "fifth_note": null, "sixth_note": null}}, {"model": "positionfinder.chordposition", "pk": 3539, "fields": {"notes_name": 52, "inversion_order": "Basic Position", "first_note": 0, "second_note": 0, "third_note": 0, "fourth_note": null, "fifth_note": null, "sixth_note": null}}, {"model": "positionfinder.chordposition", "pk": 3541, "fields": {"notes_name": 52, "inversion_order": "Second Inversion", "first_note": 7, "second_note": 8, "third_note": 9, "fourth_note": null, "fifth_note": null, "sixth_note": null}}, {"model": "positionfinder.chordposition", "pk": 3542, "fields": {"notes_name": 881, "inversion_order": "Basic Position", "first_note": 0, "second_note": 0, "third_note": 0, "fourth_note": null, "fifth_note": null, "sixth_note": null}}, {"model": "positionfinder.chordposition", "pk": 3543, "fields": {"notes_name": 881, "inversion_order": "First Inversion", "first_note": 3, "second_note": 4, "third_note": 5, "fourth_note": null, "fifth_note": null, "sixth_note": null}}, {"model": "positionfinder.chordposition", "pk": 3544, "fields": {"notes_name": 881, "inversion_order": "Second Inversion", "first_note": 7, "second_note": 9, "third_note": 8, "fourth_note": null, "fifth_note": null, "sixth_note": null}}, {"model": "positionfinder.chordposition", "pk": 3548, "fields": {"notes_name": 883, "inversion_order": "Basic Position", "first_note": 0, "second_note": 0, "third_note": 0, "fourth_note": null, "fifth_note": null, "sixth_note": null}}, {"model": "positionfinder.chordposition", "pk": 3549, "fields": {"notes_name": 883, "inversion_order": "First Inversion", "first_note": 5, "second_note": 3, "third_note": 4, "fourth_note": null, "fifth_note": null, "sixth_note": null}}, {"model": "positionfinder.chordposition", "pk": 3550, "fields": {"notes_name": 883, "inversion_order": "Second Inversion", "first_note": 8, "second_note": 7, "third_note": 9, "fourth_note": null, "fifth_note": null, "sixth_note": null}}, {"model": "positionfinder.chordposition", "pk": 3551, "fields": {"notes_name": 884, "inversion_order": "Basic Position", "first_note": 0, "second_note": 0, "third_note": 0, "fourth_note": null, "fifth_note": null, "sixth_note": null}}, {"model": "positionfinder.chordposition", "pk": 3552, "fields": {"notes_name": 884, "inversion_order": "First Inversion", "first_note": 4, "second_note": 3, "third_note": 5, "fourth_note": null, "fifth_note": null, "sixth_note": null}}, {"model": "positionfinder.chordposition", "pk": 3553, "fields": {"notes_name": 884, "inversion_order": "Second Inversion", "first_note": 7, "second_note": 8, "third_note": 9, "fourth_note": null, "fifth_note": null, "sixth_note": null}}, {"model": "positionfinder.chordposition", "pk": 3554, "fields": {"notes_name": 885, "inversion_order": "Basic Position", "first_note": 0, "second_note": 0, "third_note": 0, "fourth_note": null, "fifth_note": null, "sixth_note": null}}, {"model": "positionfinder.chordposition", "pk": 3555, "fields": {"notes_name": 885, "inversion_order": "First Inversion", "first_note": 3, "second_note": 4, "third_note": 5, "fourth_note": null, "fifth_note": null, "sixth_note": null}}, {"model": "positionfinder.chordposition", "pk": 3556, "fields": {"notes_name": 885, "inversion_order": "Second Inversion", "first_note": 7, "second_note": 9, "third_note": 8, "fourth_note": null, "fifth_note": null, "sixth_note": null}}, {"model": "positionfinder.chordposition", "pk": 3557, "fields": {"notes_name": 886, "inversion_order": "Basic Position", "first_note": 0, "second_note": 0, "third_note": 0, "fourth_note": null, "fifth_note": null, "sixth_note": null}}, {"model": "positionfinder.chordposition", "pk": 3558, "fields": {"notes_name": 886, "inversion_order": "First Inversion", "first_note": 3, "second_note": 3, "third_note": 6, "fourth_note": null, "fifth_note": null, "sixth_note": null}}, {"model": "positionfinder.chordposition", "pk": 3559, "fields": {"notes_name": 886, "inversion_order": "Second Inversion", "first_note": 6, "second_note": 9, "third_note": 9, "fourth_note": null, "fifth_note": null, "sixth_note": null}}, {"model": "positionfinder.chordposition", "pk": 3560, "fields": {"notes_name": 887, "inversion_order": "Basic Position", "first_note": 0, "second_note": 0, "third_note": 0, "fourth_note": null, "fifth_note": null, "sixth_note": null}}, {"model": "positionfinder.chordposition", "pk": 3561, "fields": {"notes_name": 887, "inversion_order": "First Inversion", "first_note": 5, "second_note": 3, "third_note": 4, "fourth_note": null, "fifth_note": null, "sixth_note": null}}, {"model": "positionfinder.chordposition", "pk": 3562, "fields": {"notes_name": 887, "inversion_order": "Second Inversion", "first_note": 8, "second_note": 7, "third_note": 9, "fourth_note": null, "fifth_note": null, "sixth_note": null}}, {"model": "positionfinder.chordposition", "pk": 3564, "fields": {"notes_name": 888, "inversion_order": "First Inversion", "first_note": 4, "second_note": 3, "third_note": 5, "fourth_note": null, "fifth_note": null, "sixth_note": null}}, {"model": "positionfinder.chordposition", "pk": 3575, "fields": {"notes_name": 888, "inversion_order": "Basic Position", "first_note": 0, "second_note": 0, "third_note": 0, "fourth_note": null, "fifth_note": null, "sixth_note": null}}, {"model": "positionfinder.chordposition", "pk": 3577, "fields": {"notes_name": 888, "inversion_order": "Second Inversion", "first_note": 7, "second_note": 8, "third_note": 9, "fourth_note": null, "fifth_note": null, "sixth_note": null}}, {"model": "positionfinder.chordposition", "pk": 3578, "fields": {"notes_name": 892, "inversion_order": "Basic Position", "first_note": 0, "second_note": 0, "third_note": 0, "fourth_note": null, "fifth_note": null, "sixth_note": null}}, {"model": "positionfinder.chordposition", "pk": 3579, "fields": {"notes_name": 892, "inversion_order": "First Inversion", "first_note": 3, "second_note": 4, "third_note": 5, "fourth_note": null, "fifth_note": null, "sixth_note": null}}, {"model": "positionfinder.chordposition", "pk": 3580, "fields": {"notes_name": 892, "inversion_order": "Second Inversion", "first_note": 7, "second_note": 9, "third_note": 8, "fourth_note": null, "fifth_note": null, "sixth_note": null}}, {"model": "positionfinder.chordposition", "pk": 3581, "fields": {"notes_name": 893, "inversion_order": "Basic Position", "first_note": 0, "second_note": 0, "third_note": 0, "fourth_note": null, "fifth_note": null, "sixth_note": null}}, {"model": "positionfinder.chordposition", "pk": 3582, "fields": {"notes_name": 893, "inversion_order": "First Inversion", "first_note": 3, "second_note": 3, "third_note": 6, "fourth_note": null, "fifth_note": null, "sixth_note": null}}, {"model": "positionfinder.chordposition", "pk": 3583, "fields": {"notes_name": 893, "inversion_order": "Second Inversion", "first_note": 6, "second_note": 9, "third_note": 9, "fourth_note": null, "fifth_note": null, "sixth_note": null}}, {"model": "positionfinder.chordposition", "pk": 3584, "fields": {"notes_name": 894, "inversion_order": "Basic Position", "first_note": 0, "second_note": 0, "third_note": 0, "fourth_note": null, "fifth_note": null, "sixth_note": null}}, {"model": "positionfinder.chordposition", "pk": 3585, "fields": {"notes_name": 894, "inversion_order": "First Inversion", "first_note": 5, "second_note": 3, "third_note": 4, "fourth_note": null, "fifth_note": null, "sixth_note": null}}, {"model": "positionfinder.chordposition", "pk": 3586, "fields": {"notes_name": 894, "inversion_order": "Second Inversion", "first_note": 8, "second_note": 7, "third_note": 9, "fourth_note": null, "fifth_note": null, "sixth_note": null}}]