[{"model": "positionfinder.root", "pk": 1, "fields": {"name": "C", "pitch": 0}}, {"model": "positionfinder.root", "pk": 2, "fields": {"name": "Db", "pitch": 1}}, {"model": "positionfinder.root", "pk": 3, "fields": {"name": "C#", "pitch": 1}}, {"model": "positionfinder.root", "pk": 4, "fields": {"name": "D", "pitch": 2}}, {"model": "positionfinder.root", "pk": 5, "fields": {"name": "Eb", "pitch": 3}}, {"model": "positionfinder.root", "pk": 6, "fields": {"name": "D#", "pitch": 3}}, {"model": "positionfinder.root", "pk": 7, "fields": {"name": "E", "pitch": 4}}, {"model": "positionfinder.root", "pk": 8, "fields": {"name": "F", "pitch": 5}}, {"model": "positionfinder.root", "pk": 9, "fields": {"name": "Gb", "pitch": 6}}, {"model": "positionfinder.root", "pk": 10, "fields": {"name": "F#", "pitch": 6}}, {"model": "positionfinder.root", "pk": 11, "fields": {"name": "G", "pitch": 7}}, {"model": "positionfinder.root", "pk": 12, "fields": {"name": "Ab", "pitch": 8}}, {"model": "positionfinder.root", "pk": 13, "fields": {"name": "G#", "pitch": 8}}, {"model": "positionfinder.root", "pk": 14, "fields": {"name": "A", "pitch": 9}}, {"model": "positionfinder.root", "pk": 15, "fields": {"name": "Bb", "pitch": 10}}, {"model": "positionfinder.root", "pk": 16, "fields": {"name": "A#", "pitch": 10}}, {"model": "positionfinder.root", "pk": 17, "fields": {"name": "B", "pitch": 11}}, {"model": "positionfinder.notescategory", "pk": 1, "fields": {"category_name": "Scales"}}, {"model": "positionfinder.notescategory", "pk": 2, "fields": {"category_name": "Arpeggios"}}, {"model": "positionfinder.notescategory", "pk": 3, "fields": {"category_name": "Chords"}}, {"model": "positionfinder.notes", "pk": 1, "fields": {"category": 1, "note_name": "Major", "tonal_root": 0, "first_note": 0, "second_note": 2, "third_note": 4, "fourth_note": 5, "fifth_note": 7, "sixth_note": 9, "seventh_note": 11, "eigth_note": null, "ninth_note": null, "tenth_note": null, "eleventh_note": null, "twelth_note": null}}, {"model": "positionfinder.notes", "pk": 2, "fields": {"category": 2, "note_name": "Major 7", "tonal_root": 0, "first_note": 0, "second_note": 4, "third_note": 7, "fourth_note": 11, "fifth_note": null, "sixth_note": null, "seventh_note": null, "eigth_note": null, "ninth_note": null, "tenth_note": null, "eleventh_note": null, "twelth_note": null}}, {"model": "positionfinder.notes", "pk": 3, "fields": {"category": 2, "note_name": "Major Triad", "tonal_root": 0, "first_note": 0, "second_note": 4, "third_note": 7, "fourth_note": null, "fifth_note": null, "sixth_note": null, "seventh_note": null, "eigth_note": null, "ninth_note": null, "tenth_note": null, "eleventh_note": null, "twelth_note": null}}, {"model": "positionfinder.notes", "pk": 4, "fields": {"category": 1, "note_name": "Pentatonic", "tonal_root": 0, "first_note": 0, "second_note": 2, "third_note": 4, "fourth_note": 7, "fifth_note": 9, "sixth_note": null, "seventh_note": null, "eigth_note": null, "ninth_note": null, "tenth_note": null, "eleventh_note": null, "twelth_note": null}}, {"model": "positionfinder.notes", "pk": 5, "fields": {"category": 1, "note_name": "Dorian", "tonal_root": -2, "first_note": 0, "second_note": 2, "third_note": 3, "fourth_note": 5, "fifth_note": 7, "sixth_note": 8, "seventh_note": 10, "eigth_note": null, "ninth_note": null, "tenth_note": null, "eleventh_note": null, "twelth_note": null}}, {"model": "positionfinder.notes", "pk": 6, "fields": {"category": 1, "note_name": "Phrygian", "tonal_root": -4, "first_note": 0, "second_note": 1, "third_note": 3, "fourth_note": 5, "fifth_note": 7, "sixth_note": 8, "seventh_note": 10, "eigth_note": null, "ninth_note": null, "tenth_note": null, "eleventh_note": null, "twelth_note": null}}, {"model": "positionfinder.notes", "pk": 7, "fields": {"category": 1, "note_name": "Lydian", "tonal_root": -5, "first_note": 0, "second_note": 2, "third_note": 4, "fourth_note": 6, "fifth_note": 7, "sixth_note": 9, "seventh_note": 11, "eigth_note": null, "ninth_note": null, "tenth_note": null, "eleventh_note": null, "twelth_note": null}}, {"model": "positionfinder.notes", "pk": 8, "fields": {"category": 1, "note_name": "Mixolydian", "tonal_root": -7, "first_note": 0, "second_note": 2, "third_note": 4, "fourth_note": 5, "fifth_note": 7, "sixth_note": 9, "seventh_note": 10, "eigth_note": null, "ninth_note": null, "tenth_note": null, "eleventh_note": null, "twelth_note": null}}, {"model": "positionfinder.notes", "pk": 9, "fields": {"category": 1, "note_name": "Locrian", "tonal_root": -11, "first_note": 0, "second_note": 1, "third_note": 3, "fourth_note": 5, "fifth_note": 6, "sixth_note": 8, "seventh_note": 10, "eigth_note": null, "ninth_note": null, "tenth_note": null, "eleventh_note": null, "twelth_note": null}}, {"model": "positionfinder.notes", "pk": 10, "fields": {"category": 1, "note_name": "Blues Scale", "tonal_root": 0, "first_note": 0, "second_note": 3, "third_note": 5, "fourth_note": 6, "fifth_note": 7, "sixth_note": 10, "seventh_note": null, "eigth_note": null, "ninth_note": null, "tenth_note": null, "eleventh_note": null, "twelth_note": null}}, {"model": "positionfinder.notes", "pk": 12, "fields": {"category": 2, "note_name": "Major add 9", "tonal_root": 0, "first_note": 0, "second_note": 2, "third_note": 4, "fourth_note": 7, "fifth_note": null, "sixth_note": null, "seventh_note": null, "eigth_note": null, "ninth_note": null, "tenth_note": null, "eleventh_note": null, "twelth_note": null}}, {"model": "positionfinder.notesposition", "pk": 1, "fields": {"notes_name": 1, "position_order": 1, "position": "2,3,4,5,6"}}, {"model": "positionfinder.notesposition", "pk": 2, "fields": {"notes_name": 2, "position_order": 1, "position": "2,3,4,5"}}, {"model": "positionfinder.notesposition", "pk": 3, "fields": {"notes_name": 2, "position_order": 2, "position": "5,6,7,8"}}, {"model": "positionfinder.notesposition", "pk": 4, "fields": {"notes_name": 2, "position_order": 3, "position": "7,8,9,10"}}, {"model": "positionfinder.notesposition", "pk": 6, "fields": {"notes_name": 4, "position_order": 1, "position": "2,3,4,5"}}, {"model": "positionfinder.notesposition", "pk": 7, "fields": {"notes_name": 4, "position_order": 2, "position": "5,6,7,8"}}, {"model": "positionfinder.notesposition", "pk": 8, "fields": {"notes_name": 4, "position_order": 3, "position": "7,8,9,10"}}, {"model": "positionfinder.notesposition", "pk": 9, "fields": {"notes_name": 4, "position_order": 4, "position": "9,10,11,12,13"}}, {"model": "positionfinder.notesposition", "pk": 10, "fields": {"notes_name": 4, "position_order": 5, "position": "12,13,14,15"}}, {"model": "positionfinder.notesposition", "pk": 11, "fields": {"notes_name": 1, "position_order": 2, "position": "3,4,5,6,7"}}, {"model": "positionfinder.notesposition", "pk": 12, "fields": {"notes_name": 1, "position_order": 3, "position": "4,5,6,7,8"}}, {"model": "positionfinder.notesposition", "pk": 13, "fields": {"notes_name": 1, "position_order": 4, "position": "7,8,9,10"}}, {"model": "positionfinder.notesposition", "pk": 14, "fields": {"notes_name": 1, "position_order": 5, "position": "8,9,10,11,12"}}, {"model": "positionfinder.notesposition", "pk": 15, "fields": {"notes_name": 1, "position_order": 6, "position": "12,13,14,15"}}, {"model": "positionfinder.notesposition", "pk": 16, "fields": {"notes_name": 2, "position_order": 4, "position": "8,9,10,11,12"}}, {"model": "positionfinder.notesposition", "pk": 17, "fields": {"notes_name": 2, "position_order": 5, "position": "12,13,14,15"}}, {"model": "positionfinder.notesposition", "pk": 18, "fields": {"notes_name": 10, "position_order": 1, "position": "3,4,5,6"}}, {"model": "positionfinder.notesposition", "pk": 19, "fields": {"notes_name": 10, "position_order": 2, "position": "5,6,7,8,9"}}, {"model": "positionfinder.notesposition", "pk": 20, "fields": {"notes_name": 10, "position_order": 3, "position": "8,9,10,11"}}, {"model": "positionfinder.notesposition", "pk": 21, "fields": {"notes_name": 10, "position_order": 4, "position": "10,11,12,13"}}, {"model": "positionfinder.notesposition", "pk": 22, "fields": {"notes_name": 10, "position_order": 5, "position": "12,13,14,15,16"}}, {"model": "positionfinder.notesposition", "pk": 23, "fields": {"notes_name": 8, "position_order": 1, "position": "1,2,3,4,5"}}, {"model": "positionfinder.notesposition", "pk": 30, "fields": {"notes_name": 12, "position_order": 1, "position": "2,3,4,5"}}, {"model": "positionfinder.notesposition", "pk": 31, "fields": {"notes_name": 12, "position_order": 2, "position": "5,6,7,8"}}, {"model": "positionfinder.notesposition", "pk": 32, "fields": {"notes_name": 12, "position_order": 3, "position": "7,8,9,10"}}, {"model": "positionfinder.notesposition", "pk": 33, "fields": {"notes_name": 12, "position_order": 4, "position": "9,10,11,12,13"}}, {"model": "positionfinder.notesposition", "pk": 34, "fields": {"notes_name": 12, "position_order": 5, "position": "12,13,14,15"}}, {"model": "positionfinder.notesposition", "pk": 35, "fields": {"notes_name": 12, "position_order": 5, "position": "12,13,14,15"}}, {"model": "positionfinder.notesposition", "pk": 36, "fields": {"notes_name": 5, "position_order": 1, "position": "1,2,3,4,5"}}, {"model": "positionfinder.notesposition", "pk": 37, "fields": {"notes_name": 5, "position_order": 2, "position": "3,4,5,6"}}, {"model": "positionfinder.notesposition", "pk": 38, "fields": {"notes_name": 5, "position_order": 3, "position": "5,6,7,8"}}, {"model": "positionfinder.notesposition", "pk": 39, "fields": {"notes_name": 5, "position_order": 4, "position": "6,7,8,9,10"}}, {"model": "positionfinder.notesposition", "pk": 40, "fields": {"notes_name": 5, "position_order": 5, "position": "8,9,10,11,12"}}, {"model": "positionfinder.notesposition", "pk": 41, "fields": {"notes_name": 5, "position_order": 6, "position": "11,12,13,14,15"}}, {"model": "positionfinder.notesposition", "pk": 42, "fields": {"notes_name": 6, "position_order": 1, "position": "1,2,3,4,5"}}, {"model": "positionfinder.notesposition", "pk": 43, "fields": {"notes_name": 6, "position_order": 2, "position": "3,4,5,6"}}, {"model": "positionfinder.notesposition", "pk": 44, "fields": {"notes_name": 6, "position_order": 3, "position": "4,5,6,7,8"}}, {"model": "positionfinder.notesposition", "pk": 45, "fields": {"notes_name": 6, "position_order": 4, "position": "6,7,8,9,10"}}, {"model": "positionfinder.notesposition", "pk": 46, "fields": {"notes_name": 6, "position_order": 5, "position": "8,9,10,11,12"}}, {"model": "positionfinder.notesposition", "pk": 47, "fields": {"notes_name": 6, "position_order": 6, "position": "11,12,13,14,15"}}, {"model": "positionfinder.notesposition", "pk": 48, "fields": {"notes_name": 7, "position_order": 1, "position": "2,3,4,5"}}, {"model": "positionfinder.notesposition", "pk": 49, "fields": {"notes_name": 7, "position_order": 2, "position": "3,4,5,6,7"}}, {"model": "positionfinder.notesposition", "pk": 50, "fields": {"notes_name": 7, "position_order": 3, "position": "5,6,7,8,9"}}, {"model": "positionfinder.notesposition", "pk": 51, "fields": {"notes_name": 7, "position_order": 4, "position": "7,8,9,10"}}, {"model": "positionfinder.notesposition", "pk": 52, "fields": {"notes_name": 7, "position_order": 6, "position": "12,13,14,15,16"}}, {"model": "positionfinder.notesposition", "pk": 53, "fields": {"notes_name": 7, "position_order": 5, "position": "8,9,10,11,12"}}, {"model": "positionfinder.notesposition", "pk": 54, "fields": {"notes_name": 8, "position_order": 1, "position": "1,2,3,4,5"}}, {"model": "positionfinder.notesposition", "pk": 55, "fields": {"notes_name": 8, "position_order": 2, "position": "3,4,5,6,7"}}, {"model": "positionfinder.notesposition", "pk": 56, "fields": {"notes_name": 8, "position_order": 3, "position": "5,6,7,8"}}, {"model": "positionfinder.notesposition", "pk": 57, "fields": {"notes_name": 8, "position_order": 5, "position": "8,9,10,11,12"}}, {"model": "positionfinder.notesposition", "pk": 58, "fields": {"notes_name": 8, "position_order": 6, "position": "10,11,12,13,14"}}, {"model": "positionfinder.notesposition", "pk": 59, "fields": {"notes_name": 9, "position_order": 1, "position": "1,2,3,4,5"}}, {"model": "positionfinder.notesposition", "pk": 60, "fields": {"notes_name": 9, "position_order": 2, "position": "2,3,4,5,6"}}, {"model": "positionfinder.notesposition", "pk": 61, "fields": {"notes_name": 9, "position_order": 3, "position": "4,5,6,7,8"}}, {"model": "positionfinder.notesposition", "pk": 62, "fields": {"notes_name": 9, "position_order": 4, "position": "6,7,8,9,10"}}, {"model": "positionfinder.notesposition", "pk": 63, "fields": {"notes_name": 9, "position_order": 5, "position": "8,9,10,11"}}, {"model": "positionfinder.notesposition", "pk": 64, "fields": {"notes_name": 9, "position_order": 6, "position": "9,10,11,12,13"}}, {"model": "positionfinder.notesposition", "pk": 65, "fields": {"notes_name": 3, "position_order": 1, "position": "2,3,4,5"}}, {"model": "positionfinder.notesposition", "pk": 66, "fields": {"notes_name": 3, "position_order": 2, "position": "5,6,7,8"}}, {"model": "positionfinder.notesposition", "pk": 67, "fields": {"notes_name": 3, "position_order": 3, "position": "7,8,9,10"}}, {"model": "positionfinder.notesposition", "pk": 68, "fields": {"notes_name": 3, "position_order": 4, "position": "10,11,12,13,14"}}, {"model": "positionfinder.notesposition", "pk": 69, "fields": {"notes_name": 3, "position_order": 5, "position": "12,13,14,15"}}, {"model": "positionfinder.chordnotes", "pk": 1, "fields": {"category": 3, "type_name": "V2", "chord_name": "Major 7", "range": "e - d", "tonal_root": 0, "first_note": 0, "first_note_string": "dString", "second_note": 4, "second_note_string": "eString", "third_note": 7, "third_note_string": "gString", "fourth_note": 11, "fourth_note_string": "bString", "fifth_note": null, "fifth_note_string": null, "sixth_note": null, "sixth_note_string": null}}, {"model": "positionfinder.chordnotes", "pk": 2, "fields": {"category": 3, "type_name": "V2", "chord_name": "Minor 7", "range": "e - d", "tonal_root": 0, "first_note": 0, "first_note_string": "dString", "second_note": 3, "second_note_string": "eString", "third_note": 7, "third_note_string": "gString", "fourth_note": 10, "fourth_note_string": "bString", "fifth_note": null, "fifth_note_string": null, "sixth_note": null, "sixth_note_string": null}}, {"model": "positionfinder.chordnotes", "pk": 3, "fields": {"category": 3, "type_name": "V2", "chord_name": "Minor 7b5", "range": "e - d", "tonal_root": 0, "first_note": 0, "first_note_string": "dString", "second_note": 3, "second_note_string": "eString", "third_note": 6, "third_note_string": "gString", "fourth_note": 10, "fourth_note_string": "bString", "fifth_note": null, "fifth_note_string": null, "sixth_note": null, "sixth_note_string": null}}, {"model": "positionfinder.chordnotes", "pk": 4, "fields": {"category": 3, "type_name": "V2", "chord_name": "Dominant 7", "range": "e - d", "tonal_root": 0, "first_note": 0, "first_note_string": "dString", "second_note": 4, "second_note_string": "eString", "third_note": 7, "third_note_string": "gString", "fourth_note": 10, "fourth_note_string": "bString", "fifth_note": null, "fifth_note_string": null, "sixth_note": null, "sixth_note_string": null}}, {"model": "positionfinder.chordposition", "pk": 1, "fields": {"notes_name": 1, "inversion_order": "Basic Position", "first_note": 0, "second_note": 0, "third_note": 0, "fourth_note": 0, "fifth_note": null, "sixth_note": null}}, {"model": "positionfinder.chordposition", "pk": 2, "fields": {"notes_name": 2, "inversion_order": "Basic Position", "first_note": 0, "second_note": 0, "third_note": 0, "fourth_note": 0, "fifth_note": null, "sixth_note": null}}, {"model": "positionfinder.chordposition", "pk": 3, "fields": {"notes_name": 3, "inversion_order": "Basic Position", "first_note": 0, "second_note": 0, "third_note": 0, "fourth_note": 0, "fifth_note": null, "sixth_note": null}}, {"model": "positionfinder.chordposition", "pk": 4, "fields": {"notes_name": 4, "inversion_order": "Basic Position", "first_note": 0, "second_note": 0, "third_note": 0, "fourth_note": 0, "fifth_note": null, "sixth_note": null}}, {"model": "positionfinder.chordposition", "pk": 5, "fields": {"notes_name": 1, "inversion_order": "First Inversion", "first_note": 4, "second_note": 3, "third_note": 4, "fourth_note": 2, "fifth_note": null, "sixth_note": null}}, {"model": "positionfinder.chordposition", "pk": 6, "fields": {"notes_name": 1, "inversion_order": "Second Inversion", "first_note": 7, "second_note": 7, "third_note": 5, "fourth_note": 5, "fifth_note": null, "sixth_note": null}}, {"model": "positionfinder.chordposition", "pk": 7, "fields": {"notes_name": 1, "inversion_order": "Third Inversion", "first_note": 11, "second_note": 8, "third_note": 9, "fourth_note": 8, "fifth_note": null, "sixth_note": null}}, {"model": "positionfinder.chordposition", "pk": 8, "fields": {"notes_name": 4, "inversion_order": "First Inversion", "first_note": 4, "second_note": 3, "third_note": 3, "fourth_note": 2, "fifth_note": null, "sixth_note": null}}, {"model": "positionfinder.chordposition", "pk": 9, "fields": {"notes_name": 4, "inversion_order": "Second Inversion", "first_note": 7, "second_note": 6, "third_note": 5, "fourth_note": 6, "fifth_note": null, "sixth_note": null}}, {"model": "positionfinder.chordposition", "pk": 10, "fields": {"notes_name": 4, "inversion_order": "Third Inversion", "first_note": 10, "second_note": 8, "third_note": 9, "fourth_note": 9, "fifth_note": null, "sixth_note": null}}]