[{"model": "contenttypes.contenttype", "pk": 1, "fields": {"app_label": "admin", "model": "logentry"}}, {"model": "contenttypes.contenttype", "pk": 2, "fields": {"app_label": "auth", "model": "permission"}}, {"model": "contenttypes.contenttype", "pk": 3, "fields": {"app_label": "auth", "model": "group"}}, {"model": "contenttypes.contenttype", "pk": 4, "fields": {"app_label": "auth", "model": "user"}}, {"model": "contenttypes.contenttype", "pk": 5, "fields": {"app_label": "contenttypes", "model": "contenttype"}}, {"model": "contenttypes.contenttype", "pk": 6, "fields": {"app_label": "sessions", "model": "session"}}, {"model": "contenttypes.contenttype", "pk": 7, "fields": {"app_label": "positionfinder", "model": "chordnotes"}}, {"model": "contenttypes.contenttype", "pk": 8, "fields": {"app_label": "positionfinder", "model": "notes"}}, {"model": "contenttypes.contenttype", "pk": 9, "fields": {"app_label": "positionfinder", "model": "notescategory"}}, {"model": "contenttypes.contenttype", "pk": 10, "fields": {"app_label": "positionfinder", "model": "root"}}, {"model": "contenttypes.contenttype", "pk": 11, "fields": {"app_label": "positionfinder", "model": "notesposition"}}, {"model": "contenttypes.contenttype", "pk": 12, "fields": {"app_label": "positionfinder", "model": "chordposition"}}, {"model": "sessions.session", "pk": "r39g6ppffr0xjmc7mtcq6r2ianxn5u50", "fields": {"session_data": "NmNhNTRiOTU3ZjY4ODE3NjI0ZTYyZWNhMGVkNzMxMDI0Y2FjYjA5Zjp7Il9hdXRoX3VzZXJfaWQiOiIxIiwiX2F1dGhfdXNlcl9iYWNrZW5kIjoiZGphbmdvLmNvbnRyaWIuYXV0aC5iYWNrZW5kcy5Nb2RlbEJhY2tlbmQiLCJfYXV0aF91c2VyX2hhc2giOiIwNjU5MTZhYTA0N2U2N2Y2OGIzZWFhYzVmMWNiZDI2MWQ2ZjlmNTFiIn0=", "expire_date": "2019-06-26T03:30:26.171Z"}}, {"model": "positionfinder.root", "pk": 1, "fields": {"name": "C", "pitch": 0}}, {"model": "positionfinder.root", "pk": 2, "fields": {"name": "Db", "pitch": 1}}, {"model": "positionfinder.root", "pk": 3, "fields": {"name": "C#", "pitch": 1}}, {"model": "positionfinder.root", "pk": 4, "fields": {"name": "D", "pitch": 2}}, {"model": "positionfinder.root", "pk": 5, "fields": {"name": "Eb", "pitch": 3}}, {"model": "positionfinder.root", "pk": 6, "fields": {"name": "D#", "pitch": 3}}, {"model": "positionfinder.root", "pk": 7, "fields": {"name": "E", "pitch": 4}}, {"model": "positionfinder.root", "pk": 8, "fields": {"name": "F", "pitch": 5}}, {"model": "positionfinder.root", "pk": 9, "fields": {"name": "Gb", "pitch": 6}}, {"model": "positionfinder.root", "pk": 10, "fields": {"name": "F#", "pitch": 6}}, {"model": "positionfinder.root", "pk": 11, "fields": {"name": "G", "pitch": 7}}, {"model": "positionfinder.root", "pk": 12, "fields": {"name": "Ab", "pitch": 8}}, {"model": "positionfinder.root", "pk": 13, "fields": {"name": "G#", "pitch": 8}}, {"model": "positionfinder.root", "pk": 14, "fields": {"name": "A", "pitch": 9}}, {"model": "positionfinder.root", "pk": 15, "fields": {"name": "Bb", "pitch": 10}}, {"model": "positionfinder.root", "pk": 16, "fields": {"name": "A#", "pitch": 10}}, {"model": "positionfinder.root", "pk": 17, "fields": {"name": "B", "pitch": 11}}, {"model": "positionfinder.notescategory", "pk": 1, "fields": {"category_name": "Scales"}}, {"model": "positionfinder.notescategory", "pk": 2, "fields": {"category_name": "Arpeggios"}}, {"model": "positionfinder.notescategory", "pk": 3, "fields": {"category_name": "Chords"}}, {"model": "positionfinder.notes", "pk": 1, "fields": {"category": 1, "note_name": "Major", "tonal_root": 0, "first_note": 0, "second_note": 2, "third_note": 4, "fourth_note": 5, "fifth_note": 7, "sixth_note": 9, "seventh_note": 11, "eigth_note": null, "ninth_note": null, "tenth_note": null, "eleventh_note": null, "twelth_note": null}}, {"model": "positionfinder.notes", "pk": 2, "fields": {"category": 2, "note_name": "Major 7", "tonal_root": 0, "first_note": 0, "second_note": 4, "third_note": 7, "fourth_note": 11, "fifth_note": null, "sixth_note": null, "seventh_note": null, "eigth_note": null, "ninth_note": null, "tenth_note": null, "eleventh_note": null, "twelth_note": null}}, {"model": "positionfinder.notes", "pk": 3, "fields": {"category": 2, "note_name": "Major Triad", "tonal_root": 0, "first_note": 0, "second_note": 4, "third_note": 7, "fourth_note": null, "fifth_note": null, "sixth_note": null, "seventh_note": null, "eigth_note": null, "ninth_note": null, "tenth_note": null, "eleventh_note": null, "twelth_note": null}}, {"model": "positionfinder.notes", "pk": 4, "fields": {"category": 1, "note_name": "Pentatonic", "tonal_root": 0, "first_note": 0, "second_note": 2, "third_note": 4, "fourth_note": 7, "fifth_note": 9, "sixth_note": null, "seventh_note": null, "eigth_note": null, "ninth_note": null, "tenth_note": null, "eleventh_note": null, "twelth_note": null}}, {"model": "positionfinder.notes", "pk": 5, "fields": {"category": 1, "note_name": "Dorian", "tonal_root": -2, "first_note": 0, "second_note": 2, "third_note": 3, "fourth_note": 5, "fifth_note": 7, "sixth_note": 8, "seventh_note": 10, "eigth_note": null, "ninth_note": null, "tenth_note": null, "eleventh_note": null, "twelth_note": null}}, {"model": "positionfinder.notes", "pk": 6, "fields": {"category": 1, "note_name": "Phrygian", "tonal_root": -4, "first_note": 0, "second_note": 1, "third_note": 3, "fourth_note": 5, "fifth_note": 7, "sixth_note": 8, "seventh_note": 10, "eigth_note": null, "ninth_note": null, "tenth_note": null, "eleventh_note": null, "twelth_note": null}}, {"model": "positionfinder.notes", "pk": 7, "fields": {"category": 1, "note_name": "Lydian", "tonal_root": -5, "first_note": 0, "second_note": 2, "third_note": 4, "fourth_note": 6, "fifth_note": 7, "sixth_note": 9, "seventh_note": 11, "eigth_note": null, "ninth_note": null, "tenth_note": null, "eleventh_note": null, "twelth_note": null}}, {"model": "positionfinder.notes", "pk": 8, "fields": {"category": 1, "note_name": "Mixolydian", "tonal_root": -7, "first_note": 0, "second_note": 2, "third_note": 4, "fourth_note": 5, "fifth_note": 7, "sixth_note": 9, "seventh_note": 10, "eigth_note": null, "ninth_note": null, "tenth_note": null, "eleventh_note": null, "twelth_note": null}}, {"model": "positionfinder.notes", "pk": 9, "fields": {"category": 1, "note_name": "Locrian", "tonal_root": -11, "first_note": 0, "second_note": 1, "third_note": 3, "fourth_note": 5, "fifth_note": 6, "sixth_note": 8, "seventh_note": 10, "eigth_note": null, "ninth_note": null, "tenth_note": null, "eleventh_note": null, "twelth_note": null}}, {"model": "positionfinder.notes", "pk": 10, "fields": {"category": 1, "note_name": "Blues Scale", "tonal_root": 0, "first_note": 0, "second_note": 3, "third_note": 5, "fourth_note": 6, "fifth_note": 7, "sixth_note": 10, "seventh_note": null, "eigth_note": null, "ninth_note": null, "tenth_note": null, "eleventh_note": null, "twelth_note": null}}, {"model": "positionfinder.notes", "pk": 12, "fields": {"category": 2, "note_name": "Major add 9", "tonal_root": 0, "first_note": 0, "second_note": 2, "third_note": 4, "fourth_note": 7, "fifth_note": null, "sixth_note": null, "seventh_note": null, "eigth_note": null, "ninth_note": null, "tenth_note": null, "eleventh_note": null, "twelth_note": null}}, {"model": "positionfinder.notesposition", "pk": 1, "fields": {"notes_name": 1, "position_order": 1, "position": "2,3,4,5,6"}}, {"model": "positionfinder.notesposition", "pk": 2, "fields": {"notes_name": 2, "position_order": 1, "position": "2,3,4,5"}}, {"model": "positionfinder.notesposition", "pk": 3, "fields": {"notes_name": 2, "position_order": 2, "position": "5,6,7,8"}}, {"model": "positionfinder.notesposition", "pk": 4, "fields": {"notes_name": 2, "position_order": 3, "position": "7,8,9,10"}}, {"model": "positionfinder.notesposition", "pk": 6, "fields": {"notes_name": 4, "position_order": 1, "position": "2,3,4,5"}}, {"model": "positionfinder.notesposition", "pk": 7, "fields": {"notes_name": 4, "position_order": 2, "position": "5,6,7,8"}}, {"model": "positionfinder.notesposition", "pk": 8, "fields": {"notes_name": 4, "position_order": 3, "position": "7,8,9,10"}}, {"model": "positionfinder.notesposition", "pk": 9, "fields": {"notes_name": 4, "position_order": 4, "position": "9,10,11,12,13"}}, {"model": "positionfinder.notesposition", "pk": 10, "fields": {"notes_name": 4, "position_order": 5, "position": "12,13,14,15"}}, {"model": "positionfinder.notesposition", "pk": 11, "fields": {"notes_name": 1, "position_order": 2, "position": "3,4,5,6,7"}}, {"model": "positionfinder.notesposition", "pk": 12, "fields": {"notes_name": 1, "position_order": 3, "position": "4,5,6,7,8"}}, {"model": "positionfinder.notesposition", "pk": 13, "fields": {"notes_name": 1, "position_order": 4, "position": "7,8,9,10"}}, {"model": "positionfinder.notesposition", "pk": 14, "fields": {"notes_name": 1, "position_order": 5, "position": "8,9,10,11,12"}}, {"model": "positionfinder.notesposition", "pk": 15, "fields": {"notes_name": 1, "position_order": 6, "position": "12,13,14,15"}}, {"model": "positionfinder.notesposition", "pk": 16, "fields": {"notes_name": 2, "position_order": 4, "position": "8,9,10,11,12"}}, {"model": "positionfinder.notesposition", "pk": 17, "fields": {"notes_name": 2, "position_order": 5, "position": "12,13,14,15"}}, {"model": "positionfinder.notesposition", "pk": 18, "fields": {"notes_name": 10, "position_order": 1, "position": "3,4,5,6"}}, {"model": "positionfinder.notesposition", "pk": 19, "fields": {"notes_name": 10, "position_order": 2, "position": "5,6,7,8,9"}}, {"model": "positionfinder.notesposition", "pk": 20, "fields": {"notes_name": 10, "position_order": 3, "position": "8,9,10,11"}}, {"model": "positionfinder.notesposition", "pk": 21, "fields": {"notes_name": 10, "position_order": 4, "position": "10,11,12,13"}}, {"model": "positionfinder.notesposition", "pk": 22, "fields": {"notes_name": 10, "position_order": 5, "position": "12,13,14,15,16"}}, {"model": "positionfinder.notesposition", "pk": 23, "fields": {"notes_name": 8, "position_order": 1, "position": "1,2,3,4,5"}}, {"model": "positionfinder.notesposition", "pk": 30, "fields": {"notes_name": 12, "position_order": 1, "position": "2,3,4,5"}}, {"model": "positionfinder.notesposition", "pk": 31, "fields": {"notes_name": 12, "position_order": 2, "position": "5,6,7,8"}}, {"model": "positionfinder.notesposition", "pk": 32, "fields": {"notes_name": 12, "position_order": 3, "position": "7,8,9,10"}}, {"model": "positionfinder.notesposition", "pk": 33, "fields": {"notes_name": 12, "position_order": 4, "position": "9,10,11,12,13"}}, {"model": "positionfinder.notesposition", "pk": 34, "fields": {"notes_name": 12, "position_order": 5, "position": "12,13,14,15"}}, {"model": "positionfinder.notesposition", "pk": 35, "fields": {"notes_name": 12, "position_order": 5, "position": "12,13,14,15"}}, {"model": "positionfinder.notesposition", "pk": 36, "fields": {"notes_name": 5, "position_order": 1, "position": "1,2,3,4,5"}}, {"model": "positionfinder.notesposition", "pk": 37, "fields": {"notes_name": 5, "position_order": 2, "position": "3,4,5,6"}}, {"model": "positionfinder.notesposition", "pk": 38, "fields": {"notes_name": 5, "position_order": 3, "position": "5,6,7,8"}}, {"model": "positionfinder.notesposition", "pk": 39, "fields": {"notes_name": 5, "position_order": 4, "position": "6,7,8,9,10"}}, {"model": "positionfinder.notesposition", "pk": 40, "fields": {"notes_name": 5, "position_order": 5, "position": "8,9,10,11,12"}}, {"model": "positionfinder.notesposition", "pk": 41, "fields": {"notes_name": 5, "position_order": 6, "position": "11,12,13,14,15"}}, {"model": "positionfinder.notesposition", "pk": 42, "fields": {"notes_name": 6, "position_order": 1, "position": "1,2,3,4,5"}}, {"model": "positionfinder.notesposition", "pk": 43, "fields": {"notes_name": 6, "position_order": 2, "position": "3,4,5,6"}}, {"model": "positionfinder.notesposition", "pk": 44, "fields": {"notes_name": 6, "position_order": 3, "position": "4,5,6,7,8"}}, {"model": "positionfinder.notesposition", "pk": 45, "fields": {"notes_name": 6, "position_order": 4, "position": "6,7,8,9,10"}}, {"model": "positionfinder.notesposition", "pk": 46, "fields": {"notes_name": 6, "position_order": 5, "position": "8,9,10,11,12"}}, {"model": "positionfinder.notesposition", "pk": 47, "fields": {"notes_name": 6, "position_order": 6, "position": "11,12,13,14,15"}}, {"model": "positionfinder.notesposition", "pk": 48, "fields": {"notes_name": 7, "position_order": 1, "position": "2,3,4,5"}}, {"model": "positionfinder.notesposition", "pk": 49, "fields": {"notes_name": 7, "position_order": 2, "position": "3,4,5,6,7"}}, {"model": "positionfinder.notesposition", "pk": 50, "fields": {"notes_name": 7, "position_order": 3, "position": "5,6,7,8,9"}}, {"model": "positionfinder.notesposition", "pk": 51, "fields": {"notes_name": 7, "position_order": 4, "position": "7,8,9,10"}}, {"model": "positionfinder.notesposition", "pk": 52, "fields": {"notes_name": 7, "position_order": 6, "position": "12,13,14,15,16"}}, {"model": "positionfinder.notesposition", "pk": 53, "fields": {"notes_name": 7, "position_order": 5, "position": "8,9,10,11,12"}}, {"model": "positionfinder.notesposition", "pk": 54, "fields": {"notes_name": 8, "position_order": 1, "position": "1,2,3,4,5"}}, {"model": "positionfinder.notesposition", "pk": 55, "fields": {"notes_name": 8, "position_order": 2, "position": "3,4,5,6,7"}}, {"model": "positionfinder.notesposition", "pk": 56, "fields": {"notes_name": 8, "position_order": 3, "position": "5,6,7,8"}}, {"model": "positionfinder.notesposition", "pk": 57, "fields": {"notes_name": 8, "position_order": 5, "position": "8,9,10,11,12"}}, {"model": "positionfinder.notesposition", "pk": 58, "fields": {"notes_name": 8, "position_order": 6, "position": "10,11,12,13,14"}}, {"model": "positionfinder.notesposition", "pk": 59, "fields": {"notes_name": 9, "position_order": 1, "position": "1,2,3,4,5"}}, {"model": "positionfinder.notesposition", "pk": 60, "fields": {"notes_name": 9, "position_order": 2, "position": "2,3,4,5,6"}}, {"model": "positionfinder.notesposition", "pk": 61, "fields": {"notes_name": 9, "position_order": 3, "position": "4,5,6,7,8"}}, {"model": "positionfinder.notesposition", "pk": 62, "fields": {"notes_name": 9, "position_order": 4, "position": "6,7,8,9,10"}}, {"model": "positionfinder.notesposition", "pk": 63, "fields": {"notes_name": 9, "position_order": 5, "position": "8,9,10,11"}}, {"model": "positionfinder.notesposition", "pk": 64, "fields": {"notes_name": 9, "position_order": 6, "position": "9,10,11,12,13"}}, {"model": "positionfinder.notesposition", "pk": 65, "fields": {"notes_name": 3, "position_order": 1, "position": "2,3,4,5"}}, {"model": "positionfinder.notesposition", "pk": 66, "fields": {"notes_name": 3, "position_order": 2, "position": "5,6,7,8"}}, {"model": "positionfinder.notesposition", "pk": 67, "fields": {"notes_name": 3, "position_order": 3, "position": "7,8,9,10"}}, {"model": "positionfinder.notesposition", "pk": 68, "fields": {"notes_name": 3, "position_order": 4, "position": "10,11,12,13,14"}}, {"model": "positionfinder.notesposition", "pk": 69, "fields": {"notes_name": 3, "position_order": 5, "position": "12,13,14,15"}}, {"model": "positionfinder.chordnotes", "pk": 1, "fields": {"category": 3, "type_name": "V2", "chord_name": "Major 7", "range": "e - d", "tonal_root": 0, "first_note": 0, "first_note_string": "dString", "second_note": 4, "second_note_string": "eString", "third_note": 7, "third_note_string": "gString", "fourth_note": 11, "fourth_note_string": "bString", "fifth_note": null, "fifth_note_string": null, "sixth_note": null, "sixth_note_string": null}}, {"model": "positionfinder.chordnotes", "pk": 2, "fields": {"category": 3, "type_name": "V2", "chord_name": "Minor 7", "range": "e - d", "tonal_root": 0, "first_note": 0, "first_note_string": "dString", "second_note": 3, "second_note_string": "eString", "third_note": 7, "third_note_string": "gString", "fourth_note": 10, "fourth_note_string": "bString", "fifth_note": null, "fifth_note_string": null, "sixth_note": null, "sixth_note_string": null}}, {"model": "positionfinder.chordnotes", "pk": 3, "fields": {"category": 3, "type_name": "V2", "chord_name": "Minor 7b5", "range": "e - d", "tonal_root": 0, "first_note": 0, "first_note_string": "dString", "second_note": 3, "second_note_string": "eString", "third_note": 6, "third_note_string": "gString", "fourth_note": 10, "fourth_note_string": "bString", "fifth_note": null, "fifth_note_string": null, "sixth_note": null, "sixth_note_string": null}}, {"model": "positionfinder.chordnotes", "pk": 4, "fields": {"category": 3, "type_name": "V2", "chord_name": "Dominant 7", "range": "e - d", "tonal_root": 0, "first_note": 0, "first_note_string": "dString", "second_note": 4, "second_note_string": "eString", "third_note": 7, "third_note_string": "gString", "fourth_note": 10, "fourth_note_string": "bString", "fifth_note": null, "fifth_note_string": null, "sixth_note": null, "sixth_note_string": null}}, {"model": "positionfinder.chordnotes", "pk": 5, "fields": {"category": 3, "type_name": "V2", "chord_name": "Major 7", "range": "b - A", "tonal_root": 0, "first_note": 0, "first_note_string": "AString", "second_note": 4, "second_note_string": "bString", "third_note": 7, "third_note_string": "dString", "fourth_note": 11, "fourth_note_string": "gString", "fifth_note": null, "fifth_note_string": null, "sixth_note": null, "sixth_note_string": null}}, {"model": "positionfinder.chordnotes", "pk": 6, "fields": {"category": 3, "type_name": "V2", "chord_name": "Minor 7", "range": "b - A", "tonal_root": 0, "first_note": 0, "first_note_string": "AString", "second_note": 3, "second_note_string": "bString", "third_note": 7, "third_note_string": "dString", "fourth_note": 10, "fourth_note_string": "gString", "fifth_note": null, "fifth_note_string": null, "sixth_note": null, "sixth_note_string": null}}, {"model": "positionfinder.chordnotes", "pk": 7, "fields": {"category": 3, "type_name": "V2", "chord_name": "Minor 7b5", "range": "b - A", "tonal_root": 0, "first_note": 0, "first_note_string": "AString", "second_note": 3, "second_note_string": "bString", "third_note": 6, "third_note_string": "dString", "fourth_note": 10, "fourth_note_string": "gString", "fifth_note": null, "fifth_note_string": null, "sixth_note": null, "sixth_note_string": null}}, {"model": "positionfinder.chordnotes", "pk": 8, "fields": {"category": 3, "type_name": "V2", "chord_name": "Dominant 7", "range": "b - A", "tonal_root": 0, "first_note": 0, "first_note_string": "AString", "second_note": 4, "second_note_string": "bString", "third_note": 7, "third_note_string": "dString", "fourth_note": 10, "fourth_note_string": "gString", "fifth_note": null, "fifth_note_string": null, "sixth_note": null, "sixth_note_string": null}}, {"model": "positionfinder.chordnotes", "pk": 9, "fields": {"category": 3, "type_name": "V2", "chord_name": "Major 7", "range": "g - E", "tonal_root": 0, "first_note": 0, "first_note_string": "ELowString", "second_note": 4, "second_note_string": "gString", "third_note": 7, "third_note_string": "AString", "fourth_note": 11, "fourth_note_string": "dString", "fifth_note": null, "fifth_note_string": null, "sixth_note": null, "sixth_note_string": null}}, {"model": "positionfinder.chordnotes", "pk": 10, "fields": {"category": 3, "type_name": "V2", "chord_name": "Minor 7", "range": "g - E", "tonal_root": 0, "first_note": 0, "first_note_string": "ELowString", "second_note": 3, "second_note_string": "gString", "third_note": 7, "third_note_string": "AString", "fourth_note": 10, "fourth_note_string": "dString", "fifth_note": null, "fifth_note_string": null, "sixth_note": null, "sixth_note_string": null}}, {"model": "positionfinder.chordnotes", "pk": 11, "fields": {"category": 3, "type_name": "V2", "chord_name": "Minor 7b5", "range": "g - E", "tonal_root": 0, "first_note": 0, "first_note_string": "ELowString", "second_note": 3, "second_note_string": "gString", "third_note": 6, "third_note_string": "AString", "fourth_note": 10, "fourth_note_string": "dString", "fifth_note": null, "fifth_note_string": null, "sixth_note": null, "sixth_note_string": null}}, {"model": "positionfinder.chordnotes", "pk": 12, "fields": {"category": 3, "type_name": "V2", "chord_name": "Dominant 7", "range": "g - E", "tonal_root": 0, "first_note": 0, "first_note_string": "ELowString", "second_note": 4, "second_note_string": "gString", "third_note": 7, "third_note_string": "AString", "fourth_note": 10, "fourth_note_string": "dString", "fifth_note": null, "fifth_note_string": null, "sixth_note": null, "sixth_note_string": null}}, {"model": "positionfinder.chordnotes", "pk": 13, "fields": {"category": 3, "type_name": "V3", "chord_name": "Major 7", "range": "e - A", "tonal_root": 0, "first_note": 0, "first_note_string": "AString", "second_note": 4, "second_note_string": "dString", "third_note": 7, "third_note_string": "eString", "fourth_note": 11, "fourth_note_string": "gString", "fifth_note": null, "fifth_note_string": null, "sixth_note": null, "sixth_note_string": null}}, {"model": "positionfinder.chordnotes", "pk": 14, "fields": {"category": 3, "type_name": "V3", "chord_name": "Minor 7", "range": "e - A", "tonal_root": 0, "first_note": 0, "first_note_string": "AString", "second_note": 3, "second_note_string": "dString", "third_note": 7, "third_note_string": "eString", "fourth_note": 10, "fourth_note_string": "gString", "fifth_note": null, "fifth_note_string": null, "sixth_note": null, "sixth_note_string": null}}, {"model": "positionfinder.chordnotes", "pk": 15, "fields": {"category": 3, "type_name": "V3", "chord_name": "Minor 7b5", "range": "e - A", "tonal_root": 0, "first_note": 0, "first_note_string": "AString", "second_note": 3, "second_note_string": "dString", "third_note": 6, "third_note_string": "eString", "fourth_note": 10, "fourth_note_string": "gString", "fifth_note": null, "fifth_note_string": null, "sixth_note": null, "sixth_note_string": null}}, {"model": "positionfinder.chordnotes", "pk": 16, "fields": {"category": 3, "type_name": "V3", "chord_name": "Dominant 7", "range": "e - A", "tonal_root": 0, "first_note": 0, "first_note_string": "AString", "second_note": 4, "second_note_string": "dString", "third_note": 7, "third_note_string": "eString", "fourth_note": 10, "fourth_note_string": "gString", "fifth_note": null, "fifth_note_string": null, "sixth_note": null, "sixth_note_string": null}}, {"model": "positionfinder.chordnotes", "pk": 17, "fields": {"category": 3, "type_name": "V3", "chord_name": "Major 7", "range": "b - E", "tonal_root": 0, "first_note": 0, "first_note_string": "ELowString", "second_note": 4, "second_note_string": "AString", "third_note": 7, "third_note_string": "bString", "fourth_note": 11, "fourth_note_string": "dString", "fifth_note": null, "fifth_note_string": null, "sixth_note": null, "sixth_note_string": null}}, {"model": "positionfinder.chordnotes", "pk": 18, "fields": {"category": 3, "type_name": "V3", "chord_name": "Minor 7", "range": "b - E", "tonal_root": 0, "first_note": 0, "first_note_string": "ELowString", "second_note": 3, "second_note_string": "AString", "third_note": 7, "third_note_string": "bString", "fourth_note": 10, "fourth_note_string": "dString", "fifth_note": null, "fifth_note_string": null, "sixth_note": null, "sixth_note_string": null}}, {"model": "positionfinder.chordnotes", "pk": 19, "fields": {"category": 3, "type_name": "V3", "chord_name": "Minor 7b5", "range": "b - E", "tonal_root": 0, "first_note": 0, "first_note_string": "ELowString", "second_note": 3, "second_note_string": "AString", "third_note": 6, "third_note_string": "bString", "fourth_note": 10, "fourth_note_string": "dString", "fifth_note": null, "fifth_note_string": null, "sixth_note": null, "sixth_note_string": null}}, {"model": "positionfinder.chordnotes", "pk": 20, "fields": {"category": 3, "type_name": "V3", "chord_name": "Dominant 7", "range": "b - E", "tonal_root": 0, "first_note": 0, "first_note_string": "ELowString", "second_note": 4, "second_note_string": "AString", "third_note": 7, "third_note_string": "bString", "fourth_note": 10, "fourth_note_string": "dString", "fifth_note": null, "fifth_note_string": null, "sixth_note": null, "sixth_note_string": null}}, {"model": "positionfinder.chordnotes", "pk": 21, "fields": {"category": 3, "type_name": "V5", "chord_name": "Major 7", "range": "e - A", "tonal_root": 0, "first_note": 0, "first_note_string": "AString", "second_note": 4, "second_note_string": "bString", "third_note": 7, "third_note_string": "dString", "fourth_note": 11, "fourth_note_string": "eString", "fifth_note": null, "fifth_note_string": null, "sixth_note": null, "sixth_note_string": null}}, {"model": "positionfinder.chordnotes", "pk": 22, "fields": {"category": 3, "type_name": "V5", "chord_name": "Minor 7", "range": "e - A", "tonal_root": 0, "first_note": 0, "first_note_string": "AString", "second_note": 3, "second_note_string": "bString", "third_note": 7, "third_note_string": "dString", "fourth_note": 10, "fourth_note_string": "eString", "fifth_note": null, "fifth_note_string": null, "sixth_note": null, "sixth_note_string": null}}, {"model": "positionfinder.chordnotes", "pk": 23, "fields": {"category": 3, "type_name": "V5", "chord_name": "Minor 7b5", "range": "e - A", "tonal_root": 0, "first_note": 0, "first_note_string": "AString", "second_note": 3, "second_note_string": "bString", "third_note": 6, "third_note_string": "dString", "fourth_note": 10, "fourth_note_string": "eString", "fifth_note": null, "fifth_note_string": null, "sixth_note": null, "sixth_note_string": null}}, {"model": "positionfinder.chordnotes", "pk": 24, "fields": {"category": 3, "type_name": "V5", "chord_name": "Dominant 7", "range": "e - A", "tonal_root": 0, "first_note": 0, "first_note_string": "AString", "second_note": 4, "second_note_string": "bString", "third_note": 7, "third_note_string": "dString", "fourth_note": 10, "fourth_note_string": "eString", "fifth_note": null, "fifth_note_string": null, "sixth_note": null, "sixth_note_string": null}}, {"model": "positionfinder.chordnotes", "pk": 29, "fields": {"category": 3, "type_name": "V5", "chord_name": "Major 7", "range": "b - E", "tonal_root": 0, "first_note": 0, "first_note_string": "ELowString", "second_note": 4, "second_note_string": "gString", "third_note": 7, "third_note_string": "AString", "fourth_note": 11, "fourth_note_string": "bString", "fifth_note": null, "fifth_note_string": null, "sixth_note": null, "sixth_note_string": null}}, {"model": "positionfinder.chordnotes", "pk": 30, "fields": {"category": 3, "type_name": "V5", "chord_name": "Minor 7", "range": "b - E", "tonal_root": 0, "first_note": 0, "first_note_string": "ELowString", "second_note": 3, "second_note_string": "gString", "third_note": 7, "third_note_string": "AString", "fourth_note": 10, "fourth_note_string": "bString", "fifth_note": null, "fifth_note_string": null, "sixth_note": null, "sixth_note_string": null}}, {"model": "positionfinder.chordnotes", "pk": 31, "fields": {"category": 3, "type_name": "V5", "chord_name": "Minor 7b5", "range": "b - E", "tonal_root": 0, "first_note": 0, "first_note_string": "ELowString", "second_note": 3, "second_note_string": "gString", "third_note": 6, "third_note_string": "AString", "fourth_note": 10, "fourth_note_string": "bString", "fifth_note": null, "fifth_note_string": null, "sixth_note": null, "sixth_note_string": null}}, {"model": "positionfinder.chordnotes", "pk": 32, "fields": {"category": 3, "type_name": "V5", "chord_name": "Dominant 7", "range": "b - E", "tonal_root": 0, "first_note": 0, "first_note_string": "ELowString", "second_note": 4, "second_note_string": "gString", "third_note": 7, "third_note_string": "AString", "fourth_note": 10, "fourth_note_string": "bString", "fifth_note": null, "fifth_note_string": null, "sixth_note": null, "sixth_note_string": null}}, {"model": "positionfinder.chordnotes", "pk": 33, "fields": {"category": 3, "type_name": "V6", "chord_name": "Major 7", "range": "e - E", "tonal_root": 0, "first_note": 0, "first_note_string": "ELowString", "second_note": 4, "second_note_string": "gString", "third_note": 7, "third_note_string": "bString", "fourth_note": 11, "fourth_note_string": "eString", "fifth_note": null, "fifth_note_string": null, "sixth_note": null, "sixth_note_string": null}}, {"model": "positionfinder.chordnotes", "pk": 34, "fields": {"category": 3, "type_name": "V6", "chord_name": "Minor 7", "range": "e - E", "tonal_root": 0, "first_note": 0, "first_note_string": "ELowString", "second_note": 3, "second_note_string": "gString", "third_note": 7, "third_note_string": "bString", "fourth_note": 10, "fourth_note_string": "eString", "fifth_note": null, "fifth_note_string": null, "sixth_note": null, "sixth_note_string": null}}, {"model": "positionfinder.chordnotes", "pk": 35, "fields": {"category": 3, "type_name": "V6", "chord_name": "Minor 7b5", "range": "e - E", "tonal_root": 0, "first_note": 0, "first_note_string": "ELowString", "second_note": 3, "second_note_string": "gString", "third_note": 6, "third_note_string": "bString", "fourth_note": 10, "fourth_note_string": "eString", "fifth_note": null, "fifth_note_string": null, "sixth_note": null, "sixth_note_string": null}}, {"model": "positionfinder.chordnotes", "pk": 36, "fields": {"category": 3, "type_name": "V6", "chord_name": "Dominant 7", "range": "e - E", "tonal_root": 0, "first_note": 0, "first_note_string": "ELowString", "second_note": 4, "second_note_string": "gString", "third_note": 7, "third_note_string": "bString", "fourth_note": 10, "fourth_note_string": "eString", "fifth_note": null, "fifth_note_string": null, "sixth_note": null, "sixth_note_string": null}}, {"model": "positionfinder.chordnotes", "pk": 52, "fields": {"category": 3, "type_name": "Triads", "chord_name": "Major", "range": "e - g", "tonal_root": 0, "first_note": 0, "first_note_string": "gString", "second_note": 4, "second_note_string": "bString", "third_note": 7, "third_note_string": "eString", "fourth_note": null, "fourth_note_string": null, "fifth_note": null, "fifth_note_string": null, "sixth_note": null, "sixth_note_string": null}}, {"model": "positionfinder.chordnotes", "pk": 53, "fields": {"category": 3, "type_name": "Triads", "chord_name": "Minor", "range": "e - g", "tonal_root": 0, "first_note": 0, "first_note_string": "gString", "second_note": 3, "second_note_string": "bString", "third_note": 7, "third_note_string": "eString", "fourth_note": null, "fourth_note_string": null, "fifth_note": null, "fifth_note_string": null, "sixth_note": null, "sixth_note_string": null}}, {"model": "positionfinder.chordnotes", "pk": 54, "fields": {"category": 3, "type_name": "Triads", "chord_name": "Diminished", "range": "e - g", "tonal_root": 0, "first_note": 0, "first_note_string": "gString", "second_note": 3, "second_note_string": "bString", "third_note": 6, "third_note_string": "eString", "fourth_note": null, "fourth_note_string": null, "fifth_note": null, "fifth_note_string": null, "sixth_note": null, "sixth_note_string": null}}, {"model": "positionfinder.chordnotes", "pk": 55, "fields": {"category": 3, "type_name": "Triads", "chord_name": "Augmented", "range": "e - g", "tonal_root": 0, "first_note": 0, "first_note_string": "gString", "second_note": 5, "second_note_string": "bString", "third_note": 8, "third_note_string": "eString", "fourth_note": null, "fourth_note_string": null, "fifth_note": null, "fifth_note_string": null, "sixth_note": null, "sixth_note_string": null}}, {"model": "positionfinder.chordnotes", "pk": 56, "fields": {"category": 3, "type_name": "Triads", "chord_name": "Major", "range": "b - d", "tonal_root": 0, "first_note": 0, "first_note_string": "dString", "second_note": 4, "second_note_string": "gString", "third_note": 7, "third_note_string": "bString", "fourth_note": null, "fourth_note_string": null, "fifth_note": null, "fifth_note_string": null, "sixth_note": null, "sixth_note_string": null}}, {"model": "positionfinder.chordnotes", "pk": 57, "fields": {"category": 3, "type_name": "Triads", "chord_name": "Minor", "range": "b - d", "tonal_root": 0, "first_note": 0, "first_note_string": "dString", "second_note": 3, "second_note_string": "gString", "third_note": 7, "third_note_string": "bString", "fourth_note": null, "fourth_note_string": null, "fifth_note": null, "fifth_note_string": null, "sixth_note": null, "sixth_note_string": null}}, {"model": "positionfinder.chordnotes", "pk": 58, "fields": {"category": 3, "type_name": "Triads", "chord_name": "Diminished", "range": "b - d", "tonal_root": 0, "first_note": 0, "first_note_string": "dString", "second_note": 3, "second_note_string": "gString", "third_note": 6, "third_note_string": "bString", "fourth_note": null, "fourth_note_string": null, "fifth_note": null, "fifth_note_string": null, "sixth_note": null, "sixth_note_string": null}}, {"model": "positionfinder.chordnotes", "pk": 59, "fields": {"category": 3, "type_name": "Triads", "chord_name": "Augmented", "range": "b - d", "tonal_root": 0, "first_note": 0, "first_note_string": "dString", "second_note": 5, "second_note_string": "gString", "third_note": 8, "third_note_string": "bString", "fourth_note": null, "fourth_note_string": null, "fifth_note": null, "fifth_note_string": null, "sixth_note": null, "sixth_note_string": null}}, {"model": "positionfinder.chordnotes", "pk": 61, "fields": {"category": 3, "type_name": "Triads", "chord_name": "Major", "range": "g - A", "tonal_root": 0, "first_note": 0, "first_note_string": "AString", "second_note": 4, "second_note_string": "dString", "third_note": 7, "third_note_string": "gString", "fourth_note": null, "fourth_note_string": null, "fifth_note": null, "fifth_note_string": null, "sixth_note": null, "sixth_note_string": null}}, {"model": "positionfinder.chordnotes", "pk": 62, "fields": {"category": 3, "type_name": "Triads", "chord_name": "Minor", "range": "g - A", "tonal_root": 0, "first_note": 0, "first_note_string": "AString", "second_note": 3, "second_note_string": "dString", "third_note": 7, "third_note_string": "gString", "fourth_note": null, "fourth_note_string": null, "fifth_note": null, "fifth_note_string": null, "sixth_note": null, "sixth_note_string": null}}, {"model": "positionfinder.chordnotes", "pk": 63, "fields": {"category": 3, "type_name": "Triads", "chord_name": "Diminished", "range": "g - A", "tonal_root": 0, "first_note": 0, "first_note_string": "AString", "second_note": 3, "second_note_string": "dString", "third_note": 6, "third_note_string": "gString", "fourth_note": null, "fourth_note_string": null, "fifth_note": null, "fifth_note_string": null, "sixth_note": null, "sixth_note_string": null}}, {"model": "positionfinder.chordnotes", "pk": 64, "fields": {"category": 3, "type_name": "Triads", "chord_name": "Augmented", "range": "g - A", "tonal_root": 0, "first_note": 0, "first_note_string": "AString", "second_note": 5, "second_note_string": "dString", "third_note": 8, "third_note_string": "gString", "fourth_note": null, "fourth_note_string": null, "fifth_note": null, "fifth_note_string": null, "sixth_note": null, "sixth_note_string": null}}, {"model": "positionfinder.chordnotes", "pk": 65, "fields": {"category": 3, "type_name": "Triads", "chord_name": "Major", "range": "d - E", "tonal_root": 0, "first_note": 0, "first_note_string": "ELowString", "second_note": 4, "second_note_string": "AString", "third_note": 7, "third_note_string": "dString", "fourth_note": null, "fourth_note_string": null, "fifth_note": null, "fifth_note_string": null, "sixth_note": null, "sixth_note_string": null}}, {"model": "positionfinder.chordnotes", "pk": 66, "fields": {"category": 3, "type_name": "Triads", "chord_name": "Minor", "range": "d - E", "tonal_root": 0, "first_note": 0, "first_note_string": "ELowString", "second_note": 3, "second_note_string": "AString", "third_note": 7, "third_note_string": "dString", "fourth_note": null, "fourth_note_string": null, "fifth_note": null, "fifth_note_string": null, "sixth_note": null, "sixth_note_string": null}}, {"model": "positionfinder.chordnotes", "pk": 67, "fields": {"category": 3, "type_name": "Triads", "chord_name": "Diminished", "range": "d - E", "tonal_root": 0, "first_note": 0, "first_note_string": "ELowString", "second_note": 3, "second_note_string": "AString", "third_note": 6, "third_note_string": "dString", "fourth_note": null, "fourth_note_string": null, "fifth_note": null, "fifth_note_string": null, "sixth_note": null, "sixth_note_string": null}}, {"model": "positionfinder.chordnotes", "pk": 68, "fields": {"category": 3, "type_name": "Triads", "chord_name": "Augmented", "range": "d - E", "tonal_root": 0, "first_note": 0, "first_note_string": "ELowString", "second_note": 5, "second_note_string": "AString", "third_note": 8, "third_note_string": "dString", "fourth_note": null, "fourth_note_string": null, "fifth_note": null, "fifth_note_string": null, "sixth_note": null, "sixth_note_string": null}}, {"model": "positionfinder.chordnotes", "pk": 69, "fields": {"category": 3, "type_name": "Spread Triads", "chord_name": "Major", "range": "e - d", "tonal_root": 0, "first_note": 0, "first_note_string": "dString", "second_note": 4, "second_note_string": "eString", "third_note": 7, "third_note_string": "bString", "fourth_note": null, "fourth_note_string": null, "fifth_note": null, "fifth_note_string": null, "sixth_note": null, "sixth_note_string": null}}, {"model": "positionfinder.chordnotes", "pk": 70, "fields": {"category": 3, "type_name": "Spread Triads", "chord_name": "Minor", "range": "e - d", "tonal_root": 0, "first_note": 0, "first_note_string": "dString", "second_note": 3, "second_note_string": "eString", "third_note": 7, "third_note_string": "bString", "fourth_note": null, "fourth_note_string": null, "fifth_note": null, "fifth_note_string": null, "sixth_note": null, "sixth_note_string": null}}, {"model": "positionfinder.chordnotes", "pk": 71, "fields": {"category": 3, "type_name": "Spread Triads", "chord_name": "Diminished", "range": "e - d", "tonal_root": 0, "first_note": 0, "first_note_string": "dString", "second_note": 3, "second_note_string": "eString", "third_note": 6, "third_note_string": "bString", "fourth_note": null, "fourth_note_string": null, "fifth_note": null, "fifth_note_string": null, "sixth_note": null, "sixth_note_string": null}}, {"model": "positionfinder.chordnotes", "pk": 72, "fields": {"category": 3, "type_name": "Spread Triads", "chord_name": "Augmented", "range": "e - d", "tonal_root": 0, "first_note": 0, "first_note_string": "dString", "second_note": 5, "second_note_string": "eString", "third_note": 8, "third_note_string": "bString", "fourth_note": null, "fourth_note_string": null, "fifth_note": null, "fifth_note_string": null, "sixth_note": null, "sixth_note_string": null}}, {"model": "positionfinder.chordnotes", "pk": 73, "fields": {"category": 3, "type_name": "Spread Triads", "chord_name": "Major", "range": "b - A", "tonal_root": 0, "first_note": 0, "first_note_string": "AString", "second_note": 4, "second_note_string": "bString", "third_note": 7, "third_note_string": "dString", "fourth_note": null, "fourth_note_string": null, "fifth_note": null, "fifth_note_string": null, "sixth_note": null, "sixth_note_string": null}}, {"model": "positionfinder.chordnotes", "pk": 74, "fields": {"category": 3, "type_name": "Spread Triads", "chord_name": "Minor", "range": "b - A", "tonal_root": 0, "first_note": 0, "first_note_string": "AString", "second_note": 3, "second_note_string": "bString", "third_note": 7, "third_note_string": "dString", "fourth_note": null, "fourth_note_string": null, "fifth_note": null, "fifth_note_string": null, "sixth_note": null, "sixth_note_string": null}}, {"model": "positionfinder.chordnotes", "pk": 75, "fields": {"category": 3, "type_name": "Spread Triads", "chord_name": "Diminished", "range": "b - A", "tonal_root": 0, "first_note": 0, "first_note_string": "AString", "second_note": 3, "second_note_string": "bString", "third_note": 6, "third_note_string": "dString", "fourth_note": null, "fourth_note_string": null, "fifth_note": null, "fifth_note_string": null, "sixth_note": null, "sixth_note_string": null}}, {"model": "positionfinder.chordnotes", "pk": 76, "fields": {"category": 3, "type_name": "Spread Triads", "chord_name": "Augmented", "range": "b - A", "tonal_root": 0, "first_note": 0, "first_note_string": "AString", "second_note": 5, "second_note_string": "bString", "third_note": 8, "third_note_string": "dString", "fourth_note": null, "fourth_note_string": null, "fifth_note": null, "fifth_note_string": null, "sixth_note": null, "sixth_note_string": null}}, {"model": "positionfinder.chordnotes", "pk": 77, "fields": {"category": 3, "type_name": "Spread Triads", "chord_name": "Major", "range": "g - E", "tonal_root": 0, "first_note": 0, "first_note_string": "ELowString", "second_note": 4, "second_note_string": "gString", "third_note": 7, "third_note_string": "AString", "fourth_note": null, "fourth_note_string": null, "fifth_note": null, "fifth_note_string": null, "sixth_note": null, "sixth_note_string": null}}, {"model": "positionfinder.chordnotes", "pk": 78, "fields": {"category": 3, "type_name": "Spread Triads", "chord_name": "Minor", "range": "g - E", "tonal_root": 0, "first_note": 0, "first_note_string": "ELowString", "second_note": 3, "second_note_string": "gString", "third_note": 7, "third_note_string": "AString", "fourth_note": null, "fourth_note_string": null, "fifth_note": null, "fifth_note_string": null, "sixth_note": null, "sixth_note_string": null}}, {"model": "positionfinder.chordnotes", "pk": 79, "fields": {"category": 3, "type_name": "Spread Triads", "chord_name": "Diminished", "range": "g - E", "tonal_root": 0, "first_note": 0, "first_note_string": "ELowString", "second_note": 3, "second_note_string": "gString", "third_note": 6, "third_note_string": "AString", "fourth_note": null, "fourth_note_string": null, "fifth_note": null, "fifth_note_string": null, "sixth_note": null, "sixth_note_string": null}}, {"model": "positionfinder.chordnotes", "pk": 80, "fields": {"category": 3, "type_name": "Spread Triads", "chord_name": "Augmented", "range": "g - E", "tonal_root": 0, "first_note": 0, "first_note_string": "ELowString", "second_note": 5, "second_note_string": "gString", "third_note": 8, "third_note_string": "AString", "fourth_note": null, "fourth_note_string": null, "fifth_note": null, "fifth_note_string": null, "sixth_note": null, "sixth_note_string": null}}, {"model": "positionfinder.chordposition", "pk": 1, "fields": {"notes_name": 1, "inversion_order": "Basic Position", "first_note": 0, "second_note": 0, "third_note": 0, "fourth_note": 0, "fifth_note": null, "sixth_note": null}}, {"model": "positionfinder.chordposition", "pk": 2, "fields": {"notes_name": 1, "inversion_order": "First Inversion", "first_note": 4, "second_note": 3, "third_note": 4, "fourth_note": 1, "fifth_note": null, "sixth_note": null}}, {"model": "positionfinder.chordposition", "pk": 3, "fields": {"notes_name": 1, "inversion_order": "Second Inversion", "first_note": 7, "second_note": 7, "third_note": 5, "fourth_note": 5, "fifth_note": null, "sixth_note": null}}, {"model": "positionfinder.chordposition", "pk": 4, "fields": {"notes_name": 1, "inversion_order": "Third Inversion", "first_note": 11, "second_note": 8, "third_note": 9, "fourth_note": 8, "fifth_note": null, "sixth_note": null}}, {"model": "positionfinder.chordposition", "pk": 5, "fields": {"notes_name": 2, "inversion_order": "Basic Position", "first_note": 0, "second_note": 0, "third_note": 0, "fourth_note": 0, "fifth_note": null, "sixth_note": null}}, {"model": "positionfinder.chordposition", "pk": 6, "fields": {"notes_name": 2, "inversion_order": "First Inversion", "first_note": 3, "second_note": 4, "third_note": 3, "fourth_note": 2, "fifth_note": null, "sixth_note": null}}, {"model": "positionfinder.chordposition", "pk": 7, "fields": {"notes_name": 2, "inversion_order": "Second Inversion", "first_note": 7, "second_note": 7, "third_note": 5, "fourth_note": 5, "fifth_note": null, "sixth_note": null}}, {"model": "positionfinder.chordposition", "pk": 8, "fields": {"notes_name": 2, "inversion_order": "Third Inversion", "first_note": 10, "second_note": 9, "third_note": 8, "fourth_note": 9, "fifth_note": null, "sixth_note": null}}, {"model": "positionfinder.chordposition", "pk": 9, "fields": {"notes_name": 3, "inversion_order": "Basic Position", "first_note": 0, "second_note": 0, "third_note": 0, "fourth_note": 0, "fifth_note": null, "sixth_note": null}}, {"model": "positionfinder.chordposition", "pk": 10, "fields": {"notes_name": 3, "inversion_order": "First Inversion", "first_note": 3, "second_note": 3, "third_note": 4, "fourth_note": 2, "fifth_note": null, "sixth_note": null}}, {"model": "positionfinder.chordposition", "pk": 11, "fields": {"notes_name": 3, "inversion_order": "Second Inversion", "first_note": 6, "second_note": 7, "third_note": 6, "fourth_note": 5, "fifth_note": null, "sixth_note": null}}, {"model": "positionfinder.chordposition", "pk": 12, "fields": {"notes_name": 3, "inversion_order": "Third Inversion", "first_note": 10, "second_note": 9, "third_note": 9, "fourth_note": 8, "fifth_note": null, "sixth_note": null}}, {"model": "positionfinder.chordposition", "pk": 13, "fields": {"notes_name": 4, "inversion_order": "Basic Position", "first_note": 0, "second_note": 0, "third_note": 0, "fourth_note": 0, "fifth_note": null, "sixth_note": null}}, {"model": "positionfinder.chordposition", "pk": 14, "fields": {"notes_name": 4, "inversion_order": "First Inversion", "first_note": 4, "second_note": 3, "third_note": 3, "fourth_note": 2, "fifth_note": null, "sixth_note": null}}, {"model": "positionfinder.chordposition", "pk": 15, "fields": {"notes_name": 4, "inversion_order": "Second Inversion", "first_note": 7, "second_note": 6, "third_note": 5, "fourth_note": 6, "fifth_note": null, "sixth_note": null}}, {"model": "positionfinder.chordposition", "pk": 16, "fields": {"notes_name": 4, "inversion_order": "Third Inversion", "first_note": 10, "second_note": 8, "third_note": 9, "fourth_note": 9, "fifth_note": null, "sixth_note": null}}, {"model": "positionfinder.chordposition", "pk": 17, "fields": {"notes_name": 5, "inversion_order": "Basic Position", "first_note": 0, "second_note": 0, "third_note": 0, "fourth_note": 0, "fifth_note": null, "sixth_note": null}}, {"model": "positionfinder.chordposition", "pk": 18, "fields": {"notes_name": 5, "inversion_order": "First Inversion", "first_note": 4, "second_note": 3, "third_note": 4, "fourth_note": 1, "fifth_note": null, "sixth_note": null}}, {"model": "positionfinder.chordposition", "pk": 19, "fields": {"notes_name": 5, "inversion_order": "Second Inversion", "first_note": 7, "second_note": 7, "third_note": 5, "fourth_note": 5, "fifth_note": null, "sixth_note": null}}, {"model": "positionfinder.chordposition", "pk": 20, "fields": {"notes_name": 5, "inversion_order": "Third Inversion", "first_note": 11, "second_note": 8, "third_note": 9, "fourth_note": 8, "fifth_note": null, "sixth_note": null}}, {"model": "positionfinder.chordposition", "pk": 21, "fields": {"notes_name": 6, "inversion_order": "Basic Position", "first_note": 0, "second_note": 0, "third_note": 0, "fourth_note": 0, "fifth_note": null, "sixth_note": null}}, {"model": "positionfinder.chordposition", "pk": 22, "fields": {"notes_name": 6, "inversion_order": "First Inversion", "first_note": 3, "second_note": 4, "third_note": 3, "fourth_note": 2, "fifth_note": null, "sixth_note": null}}, {"model": "positionfinder.chordposition", "pk": 23, "fields": {"notes_name": 6, "inversion_order": "Second Inversion", "first_note": 7, "second_note": 7, "third_note": 5, "fourth_note": 5, "fifth_note": null, "sixth_note": null}}, {"model": "positionfinder.chordposition", "pk": 24, "fields": {"notes_name": 6, "inversion_order": "Third Inversion", "first_note": 10, "second_note": 9, "third_note": 8, "fourth_note": 9, "fifth_note": null, "sixth_note": null}}, {"model": "positionfinder.chordposition", "pk": 25, "fields": {"notes_name": 7, "inversion_order": "Basic Position", "first_note": 0, "second_note": 0, "third_note": 0, "fourth_note": 0, "fifth_note": null, "sixth_note": null}}, {"model": "positionfinder.chordposition", "pk": 26, "fields": {"notes_name": 7, "inversion_order": "First Inversion", "first_note": 3, "second_note": 3, "third_note": 4, "fourth_note": 2, "fifth_note": null, "sixth_note": null}}, {"model": "positionfinder.chordposition", "pk": 27, "fields": {"notes_name": 7, "inversion_order": "Second Inversion", "first_note": 6, "second_note": 7, "third_note": 6, "fourth_note": 5, "fifth_note": null, "sixth_note": null}}, {"model": "positionfinder.chordposition", "pk": 28, "fields": {"notes_name": 7, "inversion_order": "Third Inversion", "first_note": 10, "second_note": 9, "third_note": 9, "fourth_note": 8, "fifth_note": null, "sixth_note": null}}, {"model": "positionfinder.chordposition", "pk": 29, "fields": {"notes_name": 8, "inversion_order": "Basic Position", "first_note": 0, "second_note": 0, "third_note": 0, "fourth_note": 0, "fifth_note": null, "sixth_note": null}}, {"model": "positionfinder.chordposition", "pk": 30, "fields": {"notes_name": 8, "inversion_order": "First Inversion", "first_note": 4, "second_note": 3, "third_note": 3, "fourth_note": 2, "fifth_note": null, "sixth_note": null}}, {"model": "positionfinder.chordposition", "pk": 31, "fields": {"notes_name": 8, "inversion_order": "Second Inversion", "first_note": 7, "second_note": 6, "third_note": 5, "fourth_note": 6, "fifth_note": null, "sixth_note": null}}, {"model": "positionfinder.chordposition", "pk": 32, "fields": {"notes_name": 8, "inversion_order": "Third Inversion", "first_note": 10, "second_note": 8, "third_note": 9, "fourth_note": 9, "fifth_note": null, "sixth_note": null}}, {"model": "positionfinder.chordposition", "pk": 33, "fields": {"notes_name": 9, "inversion_order": "Basic Position", "first_note": 0, "second_note": 0, "third_note": 0, "fourth_note": 0, "fifth_note": null, "sixth_note": null}}, {"model": "positionfinder.chordposition", "pk": 34, "fields": {"notes_name": 9, "inversion_order": "First Inversion", "first_note": 4, "second_note": 3, "third_note": 4, "fourth_note": 1, "fifth_note": null, "sixth_note": null}}, {"model": "positionfinder.chordposition", "pk": 35, "fields": {"notes_name": 9, "inversion_order": "Second Inversion", "first_note": 7, "second_note": 7, "third_note": 5, "fourth_note": 5, "fifth_note": null, "sixth_note": null}}, {"model": "positionfinder.chordposition", "pk": 36, "fields": {"notes_name": 9, "inversion_order": "Third Inversion", "first_note": 11, "second_note": 8, "third_note": 9, "fourth_note": 8, "fifth_note": null, "sixth_note": null}}, {"model": "positionfinder.chordposition", "pk": 37, "fields": {"notes_name": 10, "inversion_order": "Basic Position", "first_note": 0, "second_note": 0, "third_note": 0, "fourth_note": 0, "fifth_note": null, "sixth_note": null}}, {"model": "positionfinder.chordposition", "pk": 38, "fields": {"notes_name": 10, "inversion_order": "First Inversion", "first_note": 3, "second_note": 4, "third_note": 3, "fourth_note": 2, "fifth_note": null, "sixth_note": null}}, {"model": "positionfinder.chordposition", "pk": 39, "fields": {"notes_name": 10, "inversion_order": "Second Inversion", "first_note": 7, "second_note": 7, "third_note": 5, "fourth_note": 5, "fifth_note": null, "sixth_note": null}}, {"model": "positionfinder.chordposition", "pk": 40, "fields": {"notes_name": 10, "inversion_order": "Third Inversion", "first_note": 10, "second_note": 9, "third_note": 8, "fourth_note": 9, "fifth_note": null, "sixth_note": null}}, {"model": "positionfinder.chordposition", "pk": 41, "fields": {"notes_name": 11, "inversion_order": "Basic Position", "first_note": 0, "second_note": 0, "third_note": 0, "fourth_note": 0, "fifth_note": null, "sixth_note": null}}, {"model": "positionfinder.chordposition", "pk": 42, "fields": {"notes_name": 11, "inversion_order": "First Inversion", "first_note": 3, "second_note": 3, "third_note": 4, "fourth_note": 2, "fifth_note": null, "sixth_note": null}}, {"model": "positionfinder.chordposition", "pk": 43, "fields": {"notes_name": 11, "inversion_order": "Second Inversion", "first_note": 6, "second_note": 7, "third_note": 6, "fourth_note": 5, "fifth_note": null, "sixth_note": null}}, {"model": "positionfinder.chordposition", "pk": 44, "fields": {"notes_name": 11, "inversion_order": "Third Inversion", "first_note": 10, "second_note": 9, "third_note": 9, "fourth_note": 8, "fifth_note": null, "sixth_note": null}}, {"model": "positionfinder.chordposition", "pk": 45, "fields": {"notes_name": 12, "inversion_order": "Basic Position", "first_note": 0, "second_note": 0, "third_note": 0, "fourth_note": 0, "fifth_note": null, "sixth_note": null}}, {"model": "positionfinder.chordposition", "pk": 46, "fields": {"notes_name": 12, "inversion_order": "First Inversion", "first_note": 4, "second_note": 3, "third_note": 3, "fourth_note": 2, "fifth_note": null, "sixth_note": null}}, {"model": "positionfinder.chordposition", "pk": 47, "fields": {"notes_name": 12, "inversion_order": "Second Inversion", "first_note": 7, "second_note": 6, "third_note": 5, "fourth_note": 6, "fifth_note": null, "sixth_note": null}}, {"model": "positionfinder.chordposition", "pk": 48, "fields": {"notes_name": 12, "inversion_order": "Third Inversion", "first_note": 10, "second_note": 8, "third_note": 9, "fourth_note": 9, "fifth_note": null, "sixth_note": null}}, {"model": "positionfinder.chordposition", "pk": 49, "fields": {"notes_name": 13, "inversion_order": "Basic Position", "first_note": 0, "second_note": 0, "third_note": 0, "fourth_note": 0, "fifth_note": null, "sixth_note": null}}, {"model": "positionfinder.chordposition", "pk": 50, "fields": {"notes_name": 13, "inversion_order": "First Inversion", "first_note": 4, "second_note": 3, "third_note": 4, "fourth_note": 1, "fifth_note": null, "sixth_note": null}}, {"model": "positionfinder.chordposition", "pk": 51, "fields": {"notes_name": 13, "inversion_order": "Second Inversion", "first_note": 7, "second_note": 7, "third_note": 5, "fourth_note": 5, "fifth_note": null, "sixth_note": null}}, {"model": "positionfinder.chordposition", "pk": 52, "fields": {"notes_name": 13, "inversion_order": "Third Inversion", "first_note": 11, "second_note": 8, "third_note": 9, "fourth_note": 8, "fifth_note": null, "sixth_note": null}}, {"model": "positionfinder.chordposition", "pk": 53, "fields": {"notes_name": 14, "inversion_order": "Basic Position", "first_note": 0, "second_note": 0, "third_note": 0, "fourth_note": 0, "fifth_note": null, "sixth_note": null}}, {"model": "positionfinder.chordposition", "pk": 54, "fields": {"notes_name": 14, "inversion_order": "First Inversion", "first_note": 3, "second_note": 4, "third_note": 3, "fourth_note": 2, "fifth_note": null, "sixth_note": null}}, {"model": "positionfinder.chordposition", "pk": 55, "fields": {"notes_name": 14, "inversion_order": "Second Inversion", "first_note": 7, "second_note": 7, "third_note": 5, "fourth_note": 5, "fifth_note": null, "sixth_note": null}}, {"model": "positionfinder.chordposition", "pk": 56, "fields": {"notes_name": 14, "inversion_order": "Third Inversion", "first_note": 10, "second_note": 9, "third_note": 8, "fourth_note": 9, "fifth_note": null, "sixth_note": null}}, {"model": "positionfinder.chordposition", "pk": 57, "fields": {"notes_name": 15, "inversion_order": "Basic Position", "first_note": 0, "second_note": 0, "third_note": 0, "fourth_note": 0, "fifth_note": null, "sixth_note": null}}, {"model": "positionfinder.chordposition", "pk": 58, "fields": {"notes_name": 15, "inversion_order": "First Inversion", "first_note": 3, "second_note": 3, "third_note": 4, "fourth_note": 2, "fifth_note": null, "sixth_note": null}}, {"model": "positionfinder.chordposition", "pk": 59, "fields": {"notes_name": 15, "inversion_order": "Second Inversion", "first_note": 6, "second_note": 7, "third_note": 6, "fourth_note": 5, "fifth_note": null, "sixth_note": null}}, {"model": "positionfinder.chordposition", "pk": 60, "fields": {"notes_name": 15, "inversion_order": "Third Inversion", "first_note": 10, "second_note": 9, "third_note": 9, "fourth_note": 8, "fifth_note": null, "sixth_note": null}}, {"model": "positionfinder.chordposition", "pk": 61, "fields": {"notes_name": 16, "inversion_order": "Basic Position", "first_note": 0, "second_note": 0, "third_note": 0, "fourth_note": 0, "fifth_note": null, "sixth_note": null}}, {"model": "positionfinder.chordposition", "pk": 62, "fields": {"notes_name": 16, "inversion_order": "First Inversion", "first_note": 4, "second_note": 3, "third_note": 3, "fourth_note": 2, "fifth_note": null, "sixth_note": null}}, {"model": "positionfinder.chordposition", "pk": 63, "fields": {"notes_name": 16, "inversion_order": "Second Inversion", "first_note": 7, "second_note": 6, "third_note": 5, "fourth_note": 6, "fifth_note": null, "sixth_note": null}}, {"model": "positionfinder.chordposition", "pk": 64, "fields": {"notes_name": 16, "inversion_order": "Third Inversion", "first_note": 10, "second_note": 8, "third_note": 9, "fourth_note": 9, "fifth_note": null, "sixth_note": null}}, {"model": "positionfinder.chordposition", "pk": 65, "fields": {"notes_name": 17, "inversion_order": "Basic Position", "first_note": 0, "second_note": 0, "third_note": 0, "fourth_note": 0, "fifth_note": null, "sixth_note": null}}, {"model": "positionfinder.chordposition", "pk": 66, "fields": {"notes_name": 17, "inversion_order": "First Inversion", "first_note": 4, "second_note": 3, "third_note": 4, "fourth_note": 1, "fifth_note": null, "sixth_note": null}}, {"model": "positionfinder.chordposition", "pk": 67, "fields": {"notes_name": 17, "inversion_order": "Second Inversion", "first_note": 7, "second_note": 7, "third_note": 5, "fourth_note": 5, "fifth_note": null, "sixth_note": null}}, {"model": "positionfinder.chordposition", "pk": 68, "fields": {"notes_name": 17, "inversion_order": "Third Inversion", "first_note": 11, "second_note": 8, "third_note": 9, "fourth_note": 8, "fifth_note": null, "sixth_note": null}}, {"model": "positionfinder.chordposition", "pk": 69, "fields": {"notes_name": 18, "inversion_order": "Basic Position", "first_note": 0, "second_note": 0, "third_note": 0, "fourth_note": 0, "fifth_note": null, "sixth_note": null}}, {"model": "positionfinder.chordposition", "pk": 70, "fields": {"notes_name": 18, "inversion_order": "First Inversion", "first_note": 3, "second_note": 4, "third_note": 3, "fourth_note": 2, "fifth_note": null, "sixth_note": null}}, {"model": "positionfinder.chordposition", "pk": 71, "fields": {"notes_name": 18, "inversion_order": "Second Inversion", "first_note": 7, "second_note": 7, "third_note": 5, "fourth_note": 5, "fifth_note": null, "sixth_note": null}}, {"model": "positionfinder.chordposition", "pk": 72, "fields": {"notes_name": 18, "inversion_order": "Third Inversion", "first_note": 10, "second_note": 9, "third_note": 8, "fourth_note": 9, "fifth_note": null, "sixth_note": null}}, {"model": "positionfinder.chordposition", "pk": 73, "fields": {"notes_name": 19, "inversion_order": "Basic Position", "first_note": 0, "second_note": 0, "third_note": 0, "fourth_note": 0, "fifth_note": null, "sixth_note": null}}, {"model": "positionfinder.chordposition", "pk": 74, "fields": {"notes_name": 19, "inversion_order": "First Inversion", "first_note": 3, "second_note": 3, "third_note": 4, "fourth_note": 2, "fifth_note": null, "sixth_note": null}}, {"model": "positionfinder.chordposition", "pk": 75, "fields": {"notes_name": 19, "inversion_order": "Second Inversion", "first_note": 6, "second_note": 7, "third_note": 6, "fourth_note": 5, "fifth_note": null, "sixth_note": null}}, {"model": "positionfinder.chordposition", "pk": 76, "fields": {"notes_name": 19, "inversion_order": "Third Inversion", "first_note": 10, "second_note": 9, "third_note": 9, "fourth_note": 8, "fifth_note": null, "sixth_note": null}}, {"model": "positionfinder.chordposition", "pk": 77, "fields": {"notes_name": 20, "inversion_order": "Basic Position", "first_note": 0, "second_note": 0, "third_note": 0, "fourth_note": 0, "fifth_note": null, "sixth_note": null}}, {"model": "positionfinder.chordposition", "pk": 78, "fields": {"notes_name": 20, "inversion_order": "First Inversion", "first_note": 4, "second_note": 3, "third_note": 3, "fourth_note": 2, "fifth_note": null, "sixth_note": null}}, {"model": "positionfinder.chordposition", "pk": 79, "fields": {"notes_name": 20, "inversion_order": "Second Inversion", "first_note": 7, "second_note": 6, "third_note": 5, "fourth_note": 6, "fifth_note": null, "sixth_note": null}}, {"model": "positionfinder.chordposition", "pk": 80, "fields": {"notes_name": 20, "inversion_order": "Third Inversion", "first_note": 10, "second_note": 8, "third_note": 9, "fourth_note": 9, "fifth_note": null, "sixth_note": null}}, {"model": "positionfinder.chordposition", "pk": 81, "fields": {"notes_name": 21, "inversion_order": "Basic Position", "first_note": 0, "second_note": 0, "third_note": 0, "fourth_note": 0, "fifth_note": null, "sixth_note": null}}, {"model": "positionfinder.chordposition", "pk": 82, "fields": {"notes_name": 21, "inversion_order": "First Inversion", "first_note": 4, "second_note": 3, "third_note": 4, "fourth_note": 1, "fifth_note": null, "sixth_note": null}}, {"model": "positionfinder.chordposition", "pk": 83, "fields": {"notes_name": 21, "inversion_order": "Second Inversion", "first_note": 7, "second_note": 7, "third_note": 5, "fourth_note": 5, "fifth_note": null, "sixth_note": null}}, {"model": "positionfinder.chordposition", "pk": 84, "fields": {"notes_name": 21, "inversion_order": "Third Inversion", "first_note": 11, "second_note": 8, "third_note": 9, "fourth_note": 8, "fifth_note": null, "sixth_note": null}}, {"model": "positionfinder.chordposition", "pk": 85, "fields": {"notes_name": 22, "inversion_order": "Basic Position", "first_note": 0, "second_note": 0, "third_note": 0, "fourth_note": 0, "fifth_note": null, "sixth_note": null}}, {"model": "positionfinder.chordposition", "pk": 86, "fields": {"notes_name": 22, "inversion_order": "First Inversion", "first_note": 3, "second_note": 4, "third_note": 3, "fourth_note": 2, "fifth_note": null, "sixth_note": null}}, {"model": "positionfinder.chordposition", "pk": 87, "fields": {"notes_name": 22, "inversion_order": "Second Inversion", "first_note": 7, "second_note": 7, "third_note": 5, "fourth_note": 5, "fifth_note": null, "sixth_note": null}}, {"model": "positionfinder.chordposition", "pk": 88, "fields": {"notes_name": 22, "inversion_order": "Third Inversion", "first_note": 10, "second_note": 9, "third_note": 8, "fourth_note": 9, "fifth_note": null, "sixth_note": null}}, {"model": "positionfinder.chordposition", "pk": 89, "fields": {"notes_name": 23, "inversion_order": "Basic Position", "first_note": 0, "second_note": 0, "third_note": 0, "fourth_note": 0, "fifth_note": null, "sixth_note": null}}, {"model": "positionfinder.chordposition", "pk": 90, "fields": {"notes_name": 23, "inversion_order": "First Inversion", "first_note": 3, "second_note": 3, "third_note": 4, "fourth_note": 2, "fifth_note": null, "sixth_note": null}}, {"model": "positionfinder.chordposition", "pk": 91, "fields": {"notes_name": 23, "inversion_order": "Second Inversion", "first_note": 6, "second_note": 7, "third_note": 6, "fourth_note": 5, "fifth_note": null, "sixth_note": null}}, {"model": "positionfinder.chordposition", "pk": 92, "fields": {"notes_name": 23, "inversion_order": "Third Inversion", "first_note": 10, "second_note": 9, "third_note": 9, "fourth_note": 8, "fifth_note": null, "sixth_note": null}}, {"model": "positionfinder.chordposition", "pk": 93, "fields": {"notes_name": 24, "inversion_order": "Basic Position", "first_note": 0, "second_note": 0, "third_note": 0, "fourth_note": 0, "fifth_note": null, "sixth_note": null}}, {"model": "positionfinder.chordposition", "pk": 94, "fields": {"notes_name": 24, "inversion_order": "First Inversion", "first_note": 4, "second_note": 3, "third_note": 3, "fourth_note": 2, "fifth_note": null, "sixth_note": null}}, {"model": "positionfinder.chordposition", "pk": 95, "fields": {"notes_name": 24, "inversion_order": "Second Inversion", "first_note": 7, "second_note": 6, "third_note": 5, "fourth_note": 6, "fifth_note": null, "sixth_note": null}}, {"model": "positionfinder.chordposition", "pk": 96, "fields": {"notes_name": 24, "inversion_order": "Third Inversion", "first_note": 10, "second_note": 8, "third_note": 9, "fourth_note": 9, "fifth_note": null, "sixth_note": null}}, {"model": "positionfinder.chordposition", "pk": 113, "fields": {"notes_name": 29, "inversion_order": "Basic Position", "first_note": 0, "second_note": 0, "third_note": 0, "fourth_note": 0, "fifth_note": null, "sixth_note": null}}, {"model": "positionfinder.chordposition", "pk": 114, "fields": {"notes_name": 29, "inversion_order": "First Inversion", "first_note": 4, "second_note": 3, "third_note": 4, "fourth_note": 1, "fifth_note": null, "sixth_note": null}}, {"model": "positionfinder.chordposition", "pk": 115, "fields": {"notes_name": 29, "inversion_order": "Second Inversion", "first_note": 7, "second_note": 7, "third_note": 5, "fourth_note": 5, "fifth_note": null, "sixth_note": null}}, {"model": "positionfinder.chordposition", "pk": 116, "fields": {"notes_name": 29, "inversion_order": "Third Inversion", "first_note": 11, "second_note": 8, "third_note": 9, "fourth_note": 8, "fifth_note": null, "sixth_note": null}}, {"model": "positionfinder.chordposition", "pk": 117, "fields": {"notes_name": 30, "inversion_order": "Basic Position", "first_note": 0, "second_note": 0, "third_note": 0, "fourth_note": 0, "fifth_note": null, "sixth_note": null}}, {"model": "positionfinder.chordposition", "pk": 118, "fields": {"notes_name": 30, "inversion_order": "First Inversion", "first_note": 3, "second_note": 4, "third_note": 3, "fourth_note": 2, "fifth_note": null, "sixth_note": null}}, {"model": "positionfinder.chordposition", "pk": 119, "fields": {"notes_name": 30, "inversion_order": "Second Inversion", "first_note": 7, "second_note": 7, "third_note": 5, "fourth_note": 5, "fifth_note": null, "sixth_note": null}}, {"model": "positionfinder.chordposition", "pk": 120, "fields": {"notes_name": 30, "inversion_order": "Third Inversion", "first_note": 10, "second_note": 9, "third_note": 8, "fourth_note": 9, "fifth_note": null, "sixth_note": null}}, {"model": "positionfinder.chordposition", "pk": 121, "fields": {"notes_name": 31, "inversion_order": "Basic Position", "first_note": 0, "second_note": 0, "third_note": 0, "fourth_note": 0, "fifth_note": null, "sixth_note": null}}, {"model": "positionfinder.chordposition", "pk": 122, "fields": {"notes_name": 31, "inversion_order": "First Inversion", "first_note": 3, "second_note": 3, "third_note": 4, "fourth_note": 2, "fifth_note": null, "sixth_note": null}}, {"model": "positionfinder.chordposition", "pk": 123, "fields": {"notes_name": 31, "inversion_order": "Second Inversion", "first_note": 6, "second_note": 7, "third_note": 6, "fourth_note": 5, "fifth_note": null, "sixth_note": null}}, {"model": "positionfinder.chordposition", "pk": 124, "fields": {"notes_name": 31, "inversion_order": "Third Inversion", "first_note": 10, "second_note": 9, "third_note": 9, "fourth_note": 8, "fifth_note": null, "sixth_note": null}}, {"model": "positionfinder.chordposition", "pk": 125, "fields": {"notes_name": 32, "inversion_order": "Basic Position", "first_note": 0, "second_note": 0, "third_note": 0, "fourth_note": 0, "fifth_note": null, "sixth_note": null}}, {"model": "positionfinder.chordposition", "pk": 126, "fields": {"notes_name": 32, "inversion_order": "First Inversion", "first_note": 4, "second_note": 3, "third_note": 3, "fourth_note": 2, "fifth_note": null, "sixth_note": null}}, {"model": "positionfinder.chordposition", "pk": 127, "fields": {"notes_name": 32, "inversion_order": "Second Inversion", "first_note": 7, "second_note": 6, "third_note": 5, "fourth_note": 6, "fifth_note": null, "sixth_note": null}}, {"model": "positionfinder.chordposition", "pk": 128, "fields": {"notes_name": 32, "inversion_order": "Third Inversion", "first_note": 10, "second_note": 8, "third_note": 9, "fourth_note": 9, "fifth_note": null, "sixth_note": null}}, {"model": "positionfinder.chordposition", "pk": 129, "fields": {"notes_name": 33, "inversion_order": "Basic Position", "first_note": 0, "second_note": 0, "third_note": 0, "fourth_note": 0, "fifth_note": null, "sixth_note": null}}, {"model": "positionfinder.chordposition", "pk": 130, "fields": {"notes_name": 33, "inversion_order": "First Inversion", "first_note": 4, "second_note": 3, "third_note": 4, "fourth_note": 1, "fifth_note": null, "sixth_note": null}}, {"model": "positionfinder.chordposition", "pk": 131, "fields": {"notes_name": 33, "inversion_order": "Second Inversion", "first_note": 7, "second_note": 7, "third_note": 5, "fourth_note": 5, "fifth_note": null, "sixth_note": null}}, {"model": "positionfinder.chordposition", "pk": 132, "fields": {"notes_name": 33, "inversion_order": "Third Inversion", "first_note": 11, "second_note": 8, "third_note": 9, "fourth_note": 8, "fifth_note": null, "sixth_note": null}}, {"model": "positionfinder.chordposition", "pk": 133, "fields": {"notes_name": 34, "inversion_order": "Basic Position", "first_note": 0, "second_note": 0, "third_note": 0, "fourth_note": 0, "fifth_note": null, "sixth_note": null}}, {"model": "positionfinder.chordposition", "pk": 134, "fields": {"notes_name": 34, "inversion_order": "First Inversion", "first_note": 3, "second_note": 4, "third_note": 3, "fourth_note": 2, "fifth_note": null, "sixth_note": null}}, {"model": "positionfinder.chordposition", "pk": 135, "fields": {"notes_name": 34, "inversion_order": "Second Inversion", "first_note": 7, "second_note": 7, "third_note": 5, "fourth_note": 5, "fifth_note": null, "sixth_note": null}}, {"model": "positionfinder.chordposition", "pk": 136, "fields": {"notes_name": 34, "inversion_order": "Third Inversion", "first_note": 10, "second_note": 9, "third_note": 8, "fourth_note": 9, "fifth_note": null, "sixth_note": null}}, {"model": "positionfinder.chordposition", "pk": 137, "fields": {"notes_name": 35, "inversion_order": "Basic Position", "first_note": 0, "second_note": 0, "third_note": 0, "fourth_note": 0, "fifth_note": null, "sixth_note": null}}, {"model": "positionfinder.chordposition", "pk": 138, "fields": {"notes_name": 35, "inversion_order": "First Inversion", "first_note": 3, "second_note": 3, "third_note": 4, "fourth_note": 2, "fifth_note": null, "sixth_note": null}}, {"model": "positionfinder.chordposition", "pk": 139, "fields": {"notes_name": 35, "inversion_order": "Second Inversion", "first_note": 6, "second_note": 7, "third_note": 6, "fourth_note": 5, "fifth_note": null, "sixth_note": null}}, {"model": "positionfinder.chordposition", "pk": 140, "fields": {"notes_name": 35, "inversion_order": "Third Inversion", "first_note": 10, "second_note": 9, "third_note": 9, "fourth_note": 8, "fifth_note": null, "sixth_note": null}}, {"model": "positionfinder.chordposition", "pk": 141, "fields": {"notes_name": 36, "inversion_order": "Basic Position", "first_note": 0, "second_note": 0, "third_note": 0, "fourth_note": 0, "fifth_note": null, "sixth_note": null}}, {"model": "positionfinder.chordposition", "pk": 142, "fields": {"notes_name": 36, "inversion_order": "First Inversion", "first_note": 4, "second_note": 3, "third_note": 3, "fourth_note": 2, "fifth_note": null, "sixth_note": null}}, {"model": "positionfinder.chordposition", "pk": 143, "fields": {"notes_name": 36, "inversion_order": "Second Inversion", "first_note": 7, "second_note": 6, "third_note": 5, "fourth_note": 6, "fifth_note": null, "sixth_note": null}}, {"model": "positionfinder.chordposition", "pk": 144, "fields": {"notes_name": 36, "inversion_order": "Third Inversion", "first_note": 10, "second_note": 8, "third_note": 9, "fourth_note": 9, "fifth_note": null, "sixth_note": null}}, {"model": "positionfinder.chordposition", "pk": 151, "fields": {"notes_name": 52, "inversion_order": "Basic Position", "first_note": 0, "second_note": 0, "third_note": 0, "fourth_note": null, "fifth_note": null, "sixth_note": null}}, {"model": "positionfinder.chordposition", "pk": 152, "fields": {"notes_name": 52, "inversion_order": "First Inversion", "first_note": 4, "second_note": 3, "third_note": 5, "fourth_note": null, "fifth_note": null, "sixth_note": null}}, {"model": "positionfinder.chordposition", "pk": 153, "fields": {"notes_name": 52, "inversion_order": "Second Inversion", "first_note": 7, "second_note": 8, "third_note": 9, "fourth_note": null, "fifth_note": null, "sixth_note": null}}, {"model": "positionfinder.chordposition", "pk": 154, "fields": {"notes_name": 53, "inversion_order": "Basic Position", "first_note": 0, "second_note": 0, "third_note": 0, "fourth_note": null, "fifth_note": null, "sixth_note": null}}, {"model": "positionfinder.chordposition", "pk": 155, "fields": {"notes_name": 53, "inversion_order": "First Inversion", "first_note": 3, "second_note": 4, "third_note": 5, "fourth_note": null, "fifth_note": null, "sixth_note": null}}, {"model": "positionfinder.chordposition", "pk": 156, "fields": {"notes_name": 53, "inversion_order": "Second Inversion", "first_note": 7, "second_note": 9, "third_note": 8, "fourth_note": null, "fifth_note": null, "sixth_note": null}}, {"model": "positionfinder.chordposition", "pk": 157, "fields": {"notes_name": 54, "inversion_order": "Basic Position", "first_note": 0, "second_note": 0, "third_note": 0, "fourth_note": null, "fifth_note": null, "sixth_note": null}}, {"model": "positionfinder.chordposition", "pk": 158, "fields": {"notes_name": 54, "inversion_order": "First Inversion", "first_note": 3, "second_note": 3, "third_note": 6, "fourth_note": null, "fifth_note": null, "sixth_note": null}}, {"model": "positionfinder.chordposition", "pk": 159, "fields": {"notes_name": 54, "inversion_order": "Second Inversion", "first_note": 6, "second_note": 9, "third_note": 9, "fourth_note": null, "fifth_note": null, "sixth_note": null}}, {"model": "positionfinder.chordposition", "pk": 160, "fields": {"notes_name": 55, "inversion_order": "Basic Position", "first_note": 0, "second_note": 0, "third_note": 0, "fourth_note": null, "fifth_note": null, "sixth_note": null}}, {"model": "positionfinder.chordposition", "pk": 161, "fields": {"notes_name": 55, "inversion_order": "First Inversion", "first_note": 5, "second_note": 3, "third_note": 4, "fourth_note": null, "fifth_note": null, "sixth_note": null}}, {"model": "positionfinder.chordposition", "pk": 162, "fields": {"notes_name": 55, "inversion_order": "Second Inversion", "first_note": 8, "second_note": 7, "third_note": 9, "fourth_note": null, "fifth_note": null, "sixth_note": null}}, {"model": "positionfinder.chordposition", "pk": 163, "fields": {"notes_name": 56, "inversion_order": "Basic Position", "first_note": 0, "second_note": 0, "third_note": 0, "fourth_note": null, "fifth_note": null, "sixth_note": null}}, {"model": "positionfinder.chordposition", "pk": 164, "fields": {"notes_name": 56, "inversion_order": "First Inversion", "first_note": 4, "second_note": 3, "third_note": 5, "fourth_note": null, "fifth_note": null, "sixth_note": null}}, {"model": "positionfinder.chordposition", "pk": 165, "fields": {"notes_name": 56, "inversion_order": "Second Inversion", "first_note": 7, "second_note": 8, "third_note": 9, "fourth_note": null, "fifth_note": null, "sixth_note": null}}, {"model": "positionfinder.chordposition", "pk": 166, "fields": {"notes_name": 57, "inversion_order": "Basic Position", "first_note": 0, "second_note": 0, "third_note": 0, "fourth_note": null, "fifth_note": null, "sixth_note": null}}, {"model": "positionfinder.chordposition", "pk": 167, "fields": {"notes_name": 57, "inversion_order": "First Inversion", "first_note": 3, "second_note": 4, "third_note": 5, "fourth_note": null, "fifth_note": null, "sixth_note": null}}, {"model": "positionfinder.chordposition", "pk": 168, "fields": {"notes_name": 57, "inversion_order": "Second Inversion", "first_note": 7, "second_note": 9, "third_note": 8, "fourth_note": null, "fifth_note": null, "sixth_note": null}}, {"model": "positionfinder.chordposition", "pk": 169, "fields": {"notes_name": 58, "inversion_order": "Basic Position", "first_note": 0, "second_note": 0, "third_note": 0, "fourth_note": null, "fifth_note": null, "sixth_note": null}}, {"model": "positionfinder.chordposition", "pk": 170, "fields": {"notes_name": 58, "inversion_order": "First Inversion", "first_note": 3, "second_note": 3, "third_note": 6, "fourth_note": null, "fifth_note": null, "sixth_note": null}}, {"model": "positionfinder.chordposition", "pk": 171, "fields": {"notes_name": 58, "inversion_order": "Second Inversion", "first_note": 6, "second_note": 9, "third_note": 9, "fourth_note": null, "fifth_note": null, "sixth_note": null}}, {"model": "positionfinder.chordposition", "pk": 172, "fields": {"notes_name": 59, "inversion_order": "Basic Position", "first_note": 0, "second_note": 0, "third_note": 0, "fourth_note": null, "fifth_note": null, "sixth_note": null}}, {"model": "positionfinder.chordposition", "pk": 173, "fields": {"notes_name": 59, "inversion_order": "First Inversion", "first_note": 5, "second_note": 3, "third_note": 4, "fourth_note": null, "fifth_note": null, "sixth_note": null}}, {"model": "positionfinder.chordposition", "pk": 174, "fields": {"notes_name": 59, "inversion_order": "Second Inversion", "first_note": 8, "second_note": 7, "third_note": 9, "fourth_note": null, "fifth_note": null, "sixth_note": null}}, {"model": "positionfinder.chordposition", "pk": 175, "fields": {"notes_name": 61, "inversion_order": "Basic Position", "first_note": 0, "second_note": 0, "third_note": 0, "fourth_note": null, "fifth_note": null, "sixth_note": null}}, {"model": "positionfinder.chordposition", "pk": 176, "fields": {"notes_name": 61, "inversion_order": "First Inversion", "first_note": 4, "second_note": 3, "third_note": 5, "fourth_note": null, "fifth_note": null, "sixth_note": null}}, {"model": "positionfinder.chordposition", "pk": 177, "fields": {"notes_name": 61, "inversion_order": "Second Inversion", "first_note": 7, "second_note": 8, "third_note": 9, "fourth_note": null, "fifth_note": null, "sixth_note": null}}, {"model": "positionfinder.chordposition", "pk": 178, "fields": {"notes_name": 62, "inversion_order": "Basic Position", "first_note": 0, "second_note": 0, "third_note": 0, "fourth_note": null, "fifth_note": null, "sixth_note": null}}, {"model": "positionfinder.chordposition", "pk": 179, "fields": {"notes_name": 62, "inversion_order": "First Inversion", "first_note": 3, "second_note": 4, "third_note": 5, "fourth_note": null, "fifth_note": null, "sixth_note": null}}, {"model": "positionfinder.chordposition", "pk": 180, "fields": {"notes_name": 62, "inversion_order": "Second Inversion", "first_note": 7, "second_note": 9, "third_note": 8, "fourth_note": null, "fifth_note": null, "sixth_note": null}}, {"model": "positionfinder.chordposition", "pk": 181, "fields": {"notes_name": 63, "inversion_order": "Basic Position", "first_note": 0, "second_note": 0, "third_note": 0, "fourth_note": null, "fifth_note": null, "sixth_note": null}}, {"model": "positionfinder.chordposition", "pk": 182, "fields": {"notes_name": 63, "inversion_order": "First Inversion", "first_note": 3, "second_note": 3, "third_note": 6, "fourth_note": null, "fifth_note": null, "sixth_note": null}}, {"model": "positionfinder.chordposition", "pk": 183, "fields": {"notes_name": 63, "inversion_order": "Second Inversion", "first_note": 6, "second_note": 9, "third_note": 9, "fourth_note": null, "fifth_note": null, "sixth_note": null}}, {"model": "positionfinder.chordposition", "pk": 184, "fields": {"notes_name": 64, "inversion_order": "Basic Position", "first_note": 0, "second_note": 0, "third_note": 0, "fourth_note": null, "fifth_note": null, "sixth_note": null}}, {"model": "positionfinder.chordposition", "pk": 185, "fields": {"notes_name": 64, "inversion_order": "First Inversion", "first_note": 5, "second_note": 3, "third_note": 4, "fourth_note": null, "fifth_note": null, "sixth_note": null}}, {"model": "positionfinder.chordposition", "pk": 186, "fields": {"notes_name": 64, "inversion_order": "Second Inversion", "first_note": 8, "second_note": 7, "third_note": 9, "fourth_note": null, "fifth_note": null, "sixth_note": null}}, {"model": "positionfinder.chordposition", "pk": 187, "fields": {"notes_name": 65, "inversion_order": "Basic Position", "first_note": 0, "second_note": 0, "third_note": 0, "fourth_note": null, "fifth_note": null, "sixth_note": null}}, {"model": "positionfinder.chordposition", "pk": 188, "fields": {"notes_name": 65, "inversion_order": "First Inversion", "first_note": 4, "second_note": 3, "third_note": 5, "fourth_note": null, "fifth_note": null, "sixth_note": null}}, {"model": "positionfinder.chordposition", "pk": 189, "fields": {"notes_name": 65, "inversion_order": "Second Inversion", "first_note": 7, "second_note": 8, "third_note": 9, "fourth_note": null, "fifth_note": null, "sixth_note": null}}, {"model": "positionfinder.chordposition", "pk": 190, "fields": {"notes_name": 66, "inversion_order": "Basic Position", "first_note": 0, "second_note": 0, "third_note": 0, "fourth_note": null, "fifth_note": null, "sixth_note": null}}, {"model": "positionfinder.chordposition", "pk": 191, "fields": {"notes_name": 66, "inversion_order": "First Inversion", "first_note": 3, "second_note": 4, "third_note": 5, "fourth_note": null, "fifth_note": null, "sixth_note": null}}, {"model": "positionfinder.chordposition", "pk": 192, "fields": {"notes_name": 66, "inversion_order": "Second Inversion", "first_note": 7, "second_note": 9, "third_note": 8, "fourth_note": null, "fifth_note": null, "sixth_note": null}}, {"model": "positionfinder.chordposition", "pk": 193, "fields": {"notes_name": 67, "inversion_order": "Basic Position", "first_note": 0, "second_note": 0, "third_note": 0, "fourth_note": null, "fifth_note": null, "sixth_note": null}}, {"model": "positionfinder.chordposition", "pk": 194, "fields": {"notes_name": 67, "inversion_order": "First Inversion", "first_note": 3, "second_note": 3, "third_note": 6, "fourth_note": null, "fifth_note": null, "sixth_note": null}}, {"model": "positionfinder.chordposition", "pk": 195, "fields": {"notes_name": 67, "inversion_order": "Second Inversion", "first_note": 6, "second_note": 9, "third_note": 9, "fourth_note": null, "fifth_note": null, "sixth_note": null}}, {"model": "positionfinder.chordposition", "pk": 196, "fields": {"notes_name": 68, "inversion_order": "Basic Position", "first_note": 0, "second_note": 0, "third_note": 0, "fourth_note": null, "fifth_note": null, "sixth_note": null}}, {"model": "positionfinder.chordposition", "pk": 197, "fields": {"notes_name": 68, "inversion_order": "First Inversion", "first_note": 5, "second_note": 3, "third_note": 4, "fourth_note": null, "fifth_note": null, "sixth_note": null}}, {"model": "positionfinder.chordposition", "pk": 198, "fields": {"notes_name": 68, "inversion_order": "Second Inversion", "first_note": 8, "second_note": 7, "third_note": 9, "fourth_note": null, "fifth_note": null, "sixth_note": null}}, {"model": "positionfinder.chordposition", "pk": 199, "fields": {"notes_name": 69, "inversion_order": "Basic Position", "first_note": 0, "second_note": 0, "third_note": 0, "fourth_note": null, "fifth_note": null, "sixth_note": null}}, {"model": "positionfinder.chordposition", "pk": 200, "fields": {"notes_name": 69, "inversion_order": "First Inversion", "first_note": 4, "second_note": 3, "third_note": 5, "fourth_note": null, "fifth_note": null, "sixth_note": null}}, {"model": "positionfinder.chordposition", "pk": 201, "fields": {"notes_name": 69, "inversion_order": "Second Inversion", "first_note": 7, "second_note": 8, "third_note": 9, "fourth_note": null, "fifth_note": null, "sixth_note": null}}, {"model": "positionfinder.chordposition", "pk": 202, "fields": {"notes_name": 70, "inversion_order": "Basic Position", "first_note": 0, "second_note": 0, "third_note": 0, "fourth_note": null, "fifth_note": null, "sixth_note": null}}, {"model": "positionfinder.chordposition", "pk": 203, "fields": {"notes_name": 70, "inversion_order": "First Inversion", "first_note": 3, "second_note": 4, "third_note": 5, "fourth_note": null, "fifth_note": null, "sixth_note": null}}, {"model": "positionfinder.chordposition", "pk": 204, "fields": {"notes_name": 70, "inversion_order": "Second Inversion", "first_note": 7, "second_note": 9, "third_note": 8, "fourth_note": null, "fifth_note": null, "sixth_note": null}}, {"model": "positionfinder.chordposition", "pk": 205, "fields": {"notes_name": 71, "inversion_order": "Basic Position", "first_note": 0, "second_note": 0, "third_note": 0, "fourth_note": null, "fifth_note": null, "sixth_note": null}}, {"model": "positionfinder.chordposition", "pk": 206, "fields": {"notes_name": 71, "inversion_order": "First Inversion", "first_note": 3, "second_note": 3, "third_note": 6, "fourth_note": null, "fifth_note": null, "sixth_note": null}}, {"model": "positionfinder.chordposition", "pk": 207, "fields": {"notes_name": 71, "inversion_order": "Second Inversion", "first_note": 6, "second_note": 9, "third_note": 9, "fourth_note": null, "fifth_note": null, "sixth_note": null}}, {"model": "positionfinder.chordposition", "pk": 208, "fields": {"notes_name": 72, "inversion_order": "Basic Position", "first_note": 0, "second_note": 0, "third_note": 0, "fourth_note": null, "fifth_note": null, "sixth_note": null}}, {"model": "positionfinder.chordposition", "pk": 209, "fields": {"notes_name": 72, "inversion_order": "First Inversion", "first_note": 5, "second_note": 3, "third_note": 4, "fourth_note": null, "fifth_note": null, "sixth_note": null}}, {"model": "positionfinder.chordposition", "pk": 210, "fields": {"notes_name": 72, "inversion_order": "Second Inversion", "first_note": 8, "second_note": 7, "third_note": 9, "fourth_note": null, "fifth_note": null, "sixth_note": null}}, {"model": "positionfinder.chordposition", "pk": 211, "fields": {"notes_name": 73, "inversion_order": "Basic Position", "first_note": 0, "second_note": 0, "third_note": 0, "fourth_note": null, "fifth_note": null, "sixth_note": null}}, {"model": "positionfinder.chordposition", "pk": 212, "fields": {"notes_name": 73, "inversion_order": "First Inversion", "first_note": 4, "second_note": 3, "third_note": 5, "fourth_note": null, "fifth_note": null, "sixth_note": null}}, {"model": "positionfinder.chordposition", "pk": 213, "fields": {"notes_name": 73, "inversion_order": "Second Inversion", "first_note": 7, "second_note": 8, "third_note": 9, "fourth_note": null, "fifth_note": null, "sixth_note": null}}, {"model": "positionfinder.chordposition", "pk": 214, "fields": {"notes_name": 74, "inversion_order": "Basic Position", "first_note": 0, "second_note": 0, "third_note": 0, "fourth_note": null, "fifth_note": null, "sixth_note": null}}, {"model": "positionfinder.chordposition", "pk": 215, "fields": {"notes_name": 74, "inversion_order": "First Inversion", "first_note": 3, "second_note": 4, "third_note": 5, "fourth_note": null, "fifth_note": null, "sixth_note": null}}, {"model": "positionfinder.chordposition", "pk": 216, "fields": {"notes_name": 74, "inversion_order": "Second Inversion", "first_note": 7, "second_note": 9, "third_note": 8, "fourth_note": null, "fifth_note": null, "sixth_note": null}}, {"model": "positionfinder.chordposition", "pk": 217, "fields": {"notes_name": 75, "inversion_order": "Basic Position", "first_note": 0, "second_note": 0, "third_note": 0, "fourth_note": null, "fifth_note": null, "sixth_note": null}}, {"model": "positionfinder.chordposition", "pk": 218, "fields": {"notes_name": 75, "inversion_order": "First Inversion", "first_note": 3, "second_note": 3, "third_note": 6, "fourth_note": null, "fifth_note": null, "sixth_note": null}}, {"model": "positionfinder.chordposition", "pk": 219, "fields": {"notes_name": 75, "inversion_order": "Second Inversion", "first_note": 6, "second_note": 9, "third_note": 9, "fourth_note": null, "fifth_note": null, "sixth_note": null}}, {"model": "positionfinder.chordposition", "pk": 220, "fields": {"notes_name": 76, "inversion_order": "Basic Position", "first_note": 0, "second_note": 0, "third_note": 0, "fourth_note": null, "fifth_note": null, "sixth_note": null}}, {"model": "positionfinder.chordposition", "pk": 221, "fields": {"notes_name": 76, "inversion_order": "First Inversion", "first_note": 5, "second_note": 3, "third_note": 4, "fourth_note": null, "fifth_note": null, "sixth_note": null}}, {"model": "positionfinder.chordposition", "pk": 222, "fields": {"notes_name": 76, "inversion_order": "Second Inversion", "first_note": 8, "second_note": 7, "third_note": 9, "fourth_note": null, "fifth_note": null, "sixth_note": null}}, {"model": "positionfinder.chordposition", "pk": 223, "fields": {"notes_name": 77, "inversion_order": "Basic Position", "first_note": 0, "second_note": 0, "third_note": 0, "fourth_note": null, "fifth_note": null, "sixth_note": null}}, {"model": "positionfinder.chordposition", "pk": 224, "fields": {"notes_name": 77, "inversion_order": "First Inversion", "first_note": 4, "second_note": 3, "third_note": 5, "fourth_note": null, "fifth_note": null, "sixth_note": null}}, {"model": "positionfinder.chordposition", "pk": 225, "fields": {"notes_name": 77, "inversion_order": "Second Inversion", "first_note": 7, "second_note": 8, "third_note": 9, "fourth_note": null, "fifth_note": null, "sixth_note": null}}, {"model": "positionfinder.chordposition", "pk": 226, "fields": {"notes_name": 78, "inversion_order": "Basic Position", "first_note": 0, "second_note": 0, "third_note": 0, "fourth_note": null, "fifth_note": null, "sixth_note": null}}, {"model": "positionfinder.chordposition", "pk": 227, "fields": {"notes_name": 78, "inversion_order": "First Inversion", "first_note": 3, "second_note": 4, "third_note": 5, "fourth_note": null, "fifth_note": null, "sixth_note": null}}, {"model": "positionfinder.chordposition", "pk": 228, "fields": {"notes_name": 78, "inversion_order": "Second Inversion", "first_note": 7, "second_note": 9, "third_note": 8, "fourth_note": null, "fifth_note": null, "sixth_note": null}}, {"model": "positionfinder.chordposition", "pk": 229, "fields": {"notes_name": 79, "inversion_order": "Basic Position", "first_note": 0, "second_note": 0, "third_note": 0, "fourth_note": null, "fifth_note": null, "sixth_note": null}}, {"model": "positionfinder.chordposition", "pk": 230, "fields": {"notes_name": 79, "inversion_order": "First Inversion", "first_note": 3, "second_note": 3, "third_note": 6, "fourth_note": null, "fifth_note": null, "sixth_note": null}}, {"model": "positionfinder.chordposition", "pk": 231, "fields": {"notes_name": 79, "inversion_order": "Second Inversion", "first_note": 6, "second_note": 9, "third_note": 9, "fourth_note": null, "fifth_note": null, "sixth_note": null}}, {"model": "positionfinder.chordposition", "pk": 232, "fields": {"notes_name": 80, "inversion_order": "Basic Position", "first_note": 0, "second_note": 0, "third_note": 0, "fourth_note": null, "fifth_note": null, "sixth_note": null}}, {"model": "positionfinder.chordposition", "pk": 233, "fields": {"notes_name": 80, "inversion_order": "First Inversion", "first_note": 5, "second_note": 3, "third_note": 4, "fourth_note": null, "fifth_note": null, "sixth_note": null}}, {"model": "positionfinder.chordposition", "pk": 234, "fields": {"notes_name": 80, "inversion_order": "Second Inversion", "first_note": 8, "second_note": 7, "third_note": 9, "fourth_note": null, "fifth_note": null, "sixth_note": null}}, {"model": "auth.permission", "pk": 1, "fields": {"name": "Can add log entry", "content_type": 1, "codename": "add_logentry"}}, {"model": "auth.permission", "pk": 2, "fields": {"name": "Can change log entry", "content_type": 1, "codename": "change_logentry"}}, {"model": "auth.permission", "pk": 3, "fields": {"name": "Can delete log entry", "content_type": 1, "codename": "delete_logentry"}}, {"model": "auth.permission", "pk": 4, "fields": {"name": "Can view log entry", "content_type": 1, "codename": "view_logentry"}}, {"model": "auth.permission", "pk": 5, "fields": {"name": "Can add permission", "content_type": 2, "codename": "add_permission"}}, {"model": "auth.permission", "pk": 6, "fields": {"name": "Can change permission", "content_type": 2, "codename": "change_permission"}}, {"model": "auth.permission", "pk": 7, "fields": {"name": "Can delete permission", "content_type": 2, "codename": "delete_permission"}}, {"model": "auth.permission", "pk": 8, "fields": {"name": "Can view permission", "content_type": 2, "codename": "view_permission"}}, {"model": "auth.permission", "pk": 9, "fields": {"name": "Can add group", "content_type": 3, "codename": "add_group"}}, {"model": "auth.permission", "pk": 10, "fields": {"name": "Can change group", "content_type": 3, "codename": "change_group"}}, {"model": "auth.permission", "pk": 11, "fields": {"name": "Can delete group", "content_type": 3, "codename": "delete_group"}}, {"model": "auth.permission", "pk": 12, "fields": {"name": "Can view group", "content_type": 3, "codename": "view_group"}}, {"model": "auth.permission", "pk": 13, "fields": {"name": "Can add user", "content_type": 4, "codename": "add_user"}}, {"model": "auth.permission", "pk": 14, "fields": {"name": "Can change user", "content_type": 4, "codename": "change_user"}}, {"model": "auth.permission", "pk": 15, "fields": {"name": "Can delete user", "content_type": 4, "codename": "delete_user"}}, {"model": "auth.permission", "pk": 16, "fields": {"name": "Can view user", "content_type": 4, "codename": "view_user"}}, {"model": "auth.permission", "pk": 17, "fields": {"name": "Can add content type", "content_type": 5, "codename": "add_contenttype"}}, {"model": "auth.permission", "pk": 18, "fields": {"name": "Can change content type", "content_type": 5, "codename": "change_contenttype"}}, {"model": "auth.permission", "pk": 19, "fields": {"name": "Can delete content type", "content_type": 5, "codename": "delete_contenttype"}}, {"model": "auth.permission", "pk": 20, "fields": {"name": "Can view content type", "content_type": 5, "codename": "view_contenttype"}}, {"model": "auth.permission", "pk": 21, "fields": {"name": "Can add session", "content_type": 6, "codename": "add_session"}}, {"model": "auth.permission", "pk": 22, "fields": {"name": "Can change session", "content_type": 6, "codename": "change_session"}}, {"model": "auth.permission", "pk": 23, "fields": {"name": "Can delete session", "content_type": 6, "codename": "delete_session"}}, {"model": "auth.permission", "pk": 24, "fields": {"name": "Can view session", "content_type": 6, "codename": "view_session"}}, {"model": "auth.permission", "pk": 25, "fields": {"name": "Can add Tones for Chord", "content_type": 7, "codename": "add_chordnotes"}}, {"model": "auth.permission", "pk": 26, "fields": {"name": "Can change Tones for Chord", "content_type": 7, "codename": "change_chordnotes"}}, {"model": "auth.permission", "pk": 27, "fields": {"name": "Can delete Tones for Chord", "content_type": 7, "codename": "delete_chordnotes"}}, {"model": "auth.permission", "pk": 28, "fields": {"name": "Can view Tones for Chord", "content_type": 7, "codename": "view_chordnotes"}}, {"model": "auth.permission", "pk": 29, "fields": {"name": "Can add Tones for Scale", "content_type": 8, "codename": "add_notes"}}, {"model": "auth.permission", "pk": 30, "fields": {"name": "Can change Tones for Scale", "content_type": 8, "codename": "change_notes"}}, {"model": "auth.permission", "pk": 31, "fields": {"name": "Can delete Tones for Scale", "content_type": 8, "codename": "delete_notes"}}, {"model": "auth.permission", "pk": 32, "fields": {"name": "Can view Tones for Scale", "content_type": 8, "codename": "view_notes"}}, {"model": "auth.permission", "pk": 33, "fields": {"name": "Can add category name", "content_type": 9, "codename": "add_notescategory"}}, {"model": "auth.permission", "pk": 34, "fields": {"name": "Can change category name", "content_type": 9, "codename": "change_notescategory"}}, {"model": "auth.permission", "pk": 35, "fields": {"name": "Can delete category name", "content_type": 9, "codename": "delete_notescategory"}}, {"model": "auth.permission", "pk": 36, "fields": {"name": "Can view category name", "content_type": 9, "codename": "view_notescategory"}}, {"model": "auth.permission", "pk": 37, "fields": {"name": "Can add Rootnote", "content_type": 10, "codename": "add_root"}}, {"model": "auth.permission", "pk": 38, "fields": {"name": "Can change Rootnote", "content_type": 10, "codename": "change_root"}}, {"model": "auth.permission", "pk": 39, "fields": {"name": "Can delete Rootnote", "content_type": 10, "codename": "delete_root"}}, {"model": "auth.permission", "pk": 40, "fields": {"name": "Can view Rootnote", "content_type": 10, "codename": "view_root"}}, {"model": "auth.permission", "pk": 41, "fields": {"name": "Can add notes position", "content_type": 11, "codename": "add_notesposition"}}, {"model": "auth.permission", "pk": 42, "fields": {"name": "Can change notes position", "content_type": 11, "codename": "change_notesposition"}}, {"model": "auth.permission", "pk": 43, "fields": {"name": "Can delete notes position", "content_type": 11, "codename": "delete_notesposition"}}, {"model": "auth.permission", "pk": 44, "fields": {"name": "Can view notes position", "content_type": 11, "codename": "view_notesposition"}}, {"model": "auth.permission", "pk": 45, "fields": {"name": "Can add Chord position", "content_type": 12, "codename": "add_chordposition"}}, {"model": "auth.permission", "pk": 46, "fields": {"name": "Can change Chord position", "content_type": 12, "codename": "change_chordposition"}}, {"model": "auth.permission", "pk": 47, "fields": {"name": "Can delete Chord position", "content_type": 12, "codename": "delete_chordposition"}}, {"model": "auth.permission", "pk": 48, "fields": {"name": "Can view Chord position", "content_type": 12, "codename": "view_chordposition"}}, {"model": "auth.user", "pk": 1, "fields": {"password": "pbkdf2_sha256$150000$zF5rKsCiGv4N$QQ0iAzJBK6IypjN5ZNo87Hdsn/x4Ol3JtHUIlv7o/eM=", "last_login": "2019-06-12T03:30:26.167Z", "is_superuser": true, "username": "Schoensgibl", "first_name": "", "last_name": "", "email": "l@l.at", "is_staff": true, "is_active": true, "date_joined": "2019-06-12T03:30:11.231Z", "groups": [], "user_permissions": []}}, {"model": "admin.logentry", "pk": 1, "fields": {"action_time": "2019-06-12T03:30:36.378Z", "user": 1, "content_type": 9, "object_id": "3", "object_repr": "Chords", "action_flag": 1, "change_message": "[{\"added\": {}}]"}}, {"model": "admin.logentry", "pk": 2, "fields": {"action_time": "2019-06-12T03:31:13.727Z", "user": 1, "content_type": 7, "object_id": "1", "object_repr": "V2 : Major 7 (e - d)", "action_flag": 1, "change_message": "[{\"added\": {}}]"}}, {"model": "admin.logentry", "pk": 3, "fields": {"action_time": "2019-06-12T03:32:00.065Z", "user": 1, "content_type": 7, "object_id": "5", "object_repr": "V2 : Major 7 (b - A)", "action_flag": 1, "change_message": "[{\"added\": {}}]"}}, {"model": "admin.logentry", "pk": 4, "fields": {"action_time": "2019-06-12T03:35:02.551Z", "user": 1, "content_type": 7, "object_id": "9", "object_repr": "V2 : Major 7 (g - E)", "action_flag": 1, "change_message": "[{\"added\": {}}]"}}, {"model": "admin.logentry", "pk": 5, "fields": {"action_time": "2019-06-12T03:37:44.726Z", "user": 1, "content_type": 7, "object_id": "13", "object_repr": "V3 : Major 7 (e - A)", "action_flag": 1, "change_message": "[{\"added\": {}}]"}}, {"model": "admin.logentry", "pk": 6, "fields": {"action_time": "2019-06-12T03:38:57.124Z", "user": 1, "content_type": 7, "object_id": "17", "object_repr": "V3 : Major 7 (b - E)", "action_flag": 1, "change_message": "[{\"added\": {}}]"}}, {"model": "admin.logentry", "pk": 7, "fields": {"action_time": "2019-06-12T03:43:39.311Z", "user": 1, "content_type": 7, "object_id": "21", "object_repr": "V5 : Major 7 (e - A)", "action_flag": 1, "change_message": "[{\"added\": {}}]"}}, {"model": "admin.logentry", "pk": 8, "fields": {"action_time": "2019-06-12T03:45:25.086Z", "user": 1, "content_type": 7, "object_id": "25", "object_repr": "V5 : Major 7 (b - E)", "action_flag": 1, "change_message": "[{\"added\": {}}]"}}, {"model": "admin.logentry", "pk": 9, "fields": {"action_time": "2019-06-12T03:47:28.854Z", "user": 1, "content_type": 7, "object_id": "28", "object_repr": "V5 : Dominant 7 (b - E)", "action_flag": 3, "change_message": ""}}, {"model": "admin.logentry", "pk": 10, "fields": {"action_time": "2019-06-12T03:47:28.857Z", "user": 1, "content_type": 7, "object_id": "27", "object_repr": "V5 : Minor 7b5 (b - E)", "action_flag": 3, "change_message": ""}}, {"model": "admin.logentry", "pk": 11, "fields": {"action_time": "2019-06-12T03:47:28.859Z", "user": 1, "content_type": 7, "object_id": "26", "object_repr": "V5 : Minor 7 (b - E)", "action_flag": 3, "change_message": ""}}, {"model": "admin.logentry", "pk": 12, "fields": {"action_time": "2019-06-12T03:47:28.861Z", "user": 1, "content_type": 7, "object_id": "25", "object_repr": "V5 : Major 7 (b - E)", "action_flag": 3, "change_message": ""}}, {"model": "admin.logentry", "pk": 13, "fields": {"action_time": "2019-06-12T03:48:10.746Z", "user": 1, "content_type": 7, "object_id": "29", "object_repr": "V5 : Major 7 (b - E)", "action_flag": 1, "change_message": "[{\"added\": {}}]"}}, {"model": "admin.logentry", "pk": 14, "fields": {"action_time": "2019-06-12T03:49:48.588Z", "user": 1, "content_type": 7, "object_id": "33", "object_repr": "V6 : Major 7 (e - E)", "action_flag": 1, "change_message": "[{\"added\": {}}]"}}, {"model": "admin.logentry", "pk": 15, "fields": {"action_time": "2019-06-12T04:20:09.500Z", "user": 1, "content_type": 7, "object_id": "52", "object_repr": "Triads : Major (e - g)", "action_flag": 1, "change_message": "[{\"added\": {}}]"}}, {"model": "admin.logentry", "pk": 16, "fields": {"action_time": "2019-06-12T04:32:27.956Z", "user": 1, "content_type": 7, "object_id": "56", "object_repr": "Triads : Major (b - d)", "action_flag": 1, "change_message": "[{\"added\": {}}]"}}, {"model": "admin.logentry", "pk": 17, "fields": {"action_time": "2019-06-12T04:34:50.692Z", "user": 1, "content_type": 7, "object_id": "61", "object_repr": "Triads : Major (g - A)", "action_flag": 1, "change_message": "[{\"added\": {}}]"}}, {"model": "admin.logentry", "pk": 18, "fields": {"action_time": "2019-06-12T04:35:34.625Z", "user": 1, "content_type": 7, "object_id": "65", "object_repr": "Triads : Major (d - E)", "action_flag": 1, "change_message": "[{\"added\": {}}]"}}, {"model": "admin.logentry", "pk": 19, "fields": {"action_time": "2019-06-12T04:38:46.445Z", "user": 1, "content_type": 7, "object_id": "69", "object_repr": "Spread Triads : Major (e - d)", "action_flag": 1, "change_message": "[{\"added\": {}}]"}}, {"model": "admin.logentry", "pk": 20, "fields": {"action_time": "2019-06-12T04:40:05.670Z", "user": 1, "content_type": 7, "object_id": "73", "object_repr": "Spread Triads : Major (b - A)", "action_flag": 1, "change_message": "[{\"added\": {}}]"}}, {"model": "admin.logentry", "pk": 21, "fields": {"action_time": "2019-06-12T04:41:00.122Z", "user": 1, "content_type": 7, "object_id": "77", "object_repr": "Spread Triads : Major (g - E)", "action_flag": 1, "change_message": "[{\"added\": {}}]"}}]
